twitter_id,bio,types
1305300007403151361,Kalat / rant account. INFP-T. Scorpio.,INFP
1023378872694263808,infj | virgo | cat mom,INFJ
1322605119381381120,â˜†å½¡ she/her â€¢ 20 â€¢ #studytwt â€¢ infp ; gemini /á ï½¡ï»Œï½¡áŸ\ â€¢ ğŸ‡¬ğŸ‡§,INFP
905734256176939008,INFP Swiftie kitty,INFP
349992029,"capri â˜€ï¸ taurus ğŸŒ™ sag â¬†ï¸  â€¢â€¢
   infj. she/her",INFJ
932221591479451648,INTJ | Sleep enthusiast,INTJ
4783329985,"she/her â˜† ravenclaw â˜†  infj â˜† cancer â˜† fan account Â« where there is hope, there is always despair; we need to be in despair, for all our hardships. Â»",INFJ
37170434,"ESFJ
Tirador ng Green Energy sa Gcash
Jowa ni Jung Hwan",ESFJ
1056564628275097600,An INTPian decided to go in this messy Twitter world. Charaught! ğŸ‘½ Attracted sa *chubby* waaa can't help ğŸ˜,INTP
1284484555823443971,| Cebu | RN | single | Sharply Awake & Reasonably Disturbed | Bibliophile| INFJ-T,INFJ
851286296702066689,INTJ,INTJ
921360364519899139,â™Šï¸| Be the BEST version of yourself everyday| Type 5: The Thinker| ISTJ| ğŸ‘¨â€ğŸ”¬+ğŸ‘·ğŸ»â€â™‚ï¸,ISTJ
716045678,JinhiiğŸŒ¸26ğŸŒ¸INFPğŸŒ¸â™‘ï¸ğŸŒ¸ENG/í•œê¸€ OK ğŸ‡ºğŸ‡¸ğŸ‡°ğŸ‡·âœ¨comms: https://t.co/jxm3tb48YZğŸŒ¸ Please only DM for important issues + commission inquiries or questions! Thank you ğŸ’—,INFP
308971855,ESTJ-A â€¢ 24 â€¢ BEDAN ğŸ¦ â€¢ Entrepreneur â€¢ Child of the One True King â€¢ instagram = @nierod0321 â€¢ ğŸ”½,ESTJ
1151062619895189504,triple cap babyyyy â˜¼ â˜¾ â†Ÿ 12h stellium | 21 | INFP | life path 9 | she/her | wanna talk abt astrology n learn things!!!ğŸ’— #FightForHongKong #BlackLivesMatter,INFP
779977884068777985,music & artist for healing â€¢ INFJ â€¢ 18,INFJ
1254799815407353856,NSFW(medj)/21/M/5â€™5smolboi/aquarius/INFP/ -i sing -its more thoughts than thirst over here tbh/ i suck at talking sorry in advance,INFP
1232867084037754881,"Artist, Theater Kid, CrankGameplays Simp, Thomas Sanders simp, Corpse simp @/rainbowsaltart on the god forsaken clock app. @/the_moss_kings_art on insta INFP-t",INFP
1119878155026583554,ISFJ-A,ISFJ
1325750345385955328,Just your regular ISTJ for all you mbti people out there ğŸ¤“,ISTJ
1322218704856358912,"ESTJ â™§
ÙƒÙ…Øªâ™¡",ESTJ
1103959760095928320,#blacklivesmatter +Jake Gyllenhaal is babey+15+ğŸ‡­ğŸ‡°+ISFP+bi+she/her+acab,ISFP
3010151190,"22 | ESTJ 3w2 | ğŸ‡¦ğŸ‡º Aspiring graphic designer and tea enthusiast
Discord admin for @GZcharge and @TheMetaGaming #FeelTheCharge",ESTJ
1284858367257661442,"Nice to meet you! My name's Chiho
queer artist from the ğŸ‡µğŸ‡­ğŸ³ï¸â€ğŸŒˆ (she/her)
I stan skz, txt, day6, and mamamoo
 Infp-T(16) â™ï¸ğŸ’«",INFP
1265703148531920896,"she/her 19 yo
â¤ï¸ğŸ’œğŸ’™ INFJ-T fan acc 
 #NCT127 + #NCTDREAM + #WAYV ğŸŒ¼ #EXO ğŸŒ¼ #REDVELVET ğŸŒ¼ dojeuni and nanadoongie: i'm gonna make this environment full of love",INFJ
247127803,"a student, professional overthinker, fangirl & an ESTJ who tweets in assertive way sometimes so pls donâ€™t take my tweets seriously unless you personally know me",ESTJ
1102325283342950401,major weirdo ( Í¡Â° ÍœÊ– Í¡Â°)| im spoiling everything yahâš ï¸ | Ğ¶Ğ¶Ğ¶ÑŒÑŒÑÑĞ°Ğ° Ñ Ğ·Ğ°Ğ´Ğ¾Ğ»Ğ±Ğ°Ğ»Ğ°ÑÑŒ | stan Scorpia | im ISFJ btw | Ğ·Ğ°ĞºÑ€Ñ‹Ñ‚ĞºĞ° @catwavedische,ISFJ
1256222095857647618,chrollo kopnij mnie w gardÅ‚o | ***** *** i acab chÅ‚opaki | entj | matching z @zolwgredzki,ENTJ
1324122714634944513,"one of those scary radicals who believes everyone should be treated as humanğŸ˜¡â€¼ï¸ infp-a, socialist, leo, lesbian",INFP
883118026647842817,feminist sitcom stan with adhd | 15 | she/her | enfj | hufflepuff | bi/pan,ENFJ
424719778,infp-t â€¢ she/her â€¢ trust yourself; love yourselfâœ¨,INFP
53530078,"INFJ-T

baby, I apologize
that I got the good side
the good side of things",INFJ
514997650,enfp e canceriana basicamente eu choro muito | assexual e romÃ¢ntica | 20 anos ela/dela,ENFP
1321259495897526273,she/her | intj | physical therapy undergrad | professional procrastinator,INTJ
1037122442857271297,Good old-fashioned lover boy | ESFP 2w3,ESFP
2960083505,24ğŸ‡ºğŸ‡¸ la mia vita Ã¨ un ossimoro ğŸŒ»ğŸ–¤ ENFP personality,ENFP
2767265363,| I play DPS for @exalt_ow | Astrophysics | INTP 5w4| ESP/ENG |,INTP
1115941054824497152,CANCER â˜€ï¸ TAURUS ğŸŒ™ PISCES â¬†ï¸ INFP-T âœ¨ SKZ âœ¨ NCT/WAYV âœ¨ OOO âœ¨ TXT âœ¨ VERIVERY âœ¨ T1419 âœ¨ MCND âœ¨ 1TEAM âœ¨ GOLDENCHILD âœ¨,INFP
1322859104243752960,The funny sister. Co-founder of @sosyncd â™¡. ESFJ.,ESFJ
1322623749749936128,Some TOG stuffâœ¨| minorğŸ’ | she/her | INFPâ™‹ğŸ’«| pretty child friendly (except I crack some not-so-innocent jokes)| simp for #KHUN,INFP
1129434335113863168,cinefila fastidiosa :) || lg(b)t || intp,INTP
1091937566293716997,intj and fuckin gay/ 8w9/ chaotic neutral/ choleric-melancholic/ 16/ she/they,INTJ
1067813882046148608,istp with high ti,ISTP
1289710386392924160,"#infj / #mbti stuff â™¡
she/her, ifb mbti/cube accounts",INFJ
870292355915538432,ğŸ‘·â€â™€ï¸â€¢ BNL â€¢ ENFP-T,ENFP
2897713632,"Fueled by plants, books, and mana. 
11 yr old rabbit=my familiar. 
Shaman. INFP. ariesâ˜¼ leoâ˜¾ cancerâ†‘
#WoW faves: all-Druid, heals-Shaman, 
dps-Warlock, tank-DH",INFP
1299803365371768833,#infp,INFP
1312064308357062657,"#langtwt ğŸ¥€ 20 yrs old | virgo | infj | portugal

native: portuguese | fluent: english and spanish | learning: japanese and french",INFJ
1300548705792204800,"Moon, Clover or Saturn! | they/fae | infp | 4w? 9w? 6w7 | phlegmatic sanguine| sp/so i think | 22 | white | main is @myntlimeade! Ocs r my love language (hj)",INFP
1307615044041977856,"eevee | INTP 5w4 | artist | i have many cursed memes
main/ art acc: @Eeveeyao",INTP
1278599802645774337,"ğŸ–ï¸ !! READ MY CARRD BEFORE U INTERACT!!!
ğŸ–ï¸ !! Cabby/Rusty/Kappy
ğŸ–ï¸ !! ESFP 7w6 so/sx
ğŸ–ï¸ !! ADHD
ğŸ–ï¸ !! I'm still cubetwt plz don't unfollow me",ESFP
732992323173289984,"ğŸ¯/INFP-T/a self proclaimed artist

@tdvshs | @USTSHSVirtuoso

YT/FB/soundcloud:MylzPH",INFP
1322121702848028672,"DiscÃ­pulo do sofrimento.
ENTP com maturidade emocional de 3 anos.
Seja bem vinde{o, a} ao altar de adoraÃ§Ã£o a mim mesmo.
7w6 ~ CaÃ³tico e neutro.",ENTP
303363546,"piÃ±a colada Ã© o melhor sabor pra tudo | 19y | INFP-T | vestibulanda de medicina veterinÃ¡ria, desenheira e bailarina na escola de danÃ§a âœ¨ Meu Quarto âœ¨",INFP
1062319466896211969,ğ™™ğ™šğ™ 65 & ENFP,ENFP
1204681488173678593,"(ENFJ-T)
shine like a siriusâœ¨",ENFJ
1321479426375405568,"intp | libra | type 4
| 17",INTP
1304168499380662273,blm ~ she/her ~ infj-t ~ minor ~ âœ® âœ°,INFJ
1173712682983284736,"/w e  a r e  b u l l e t p r o o f/

f*ck the cistem

âœ¨trans rights=human rightsâœ¨


LGB(TA)

He/Him/His/Ã‰l  

|â€¢INTPâ€¢|5w4|

ot7 - they deserve the best and more",INTP
1313042399791255552,"ã€Œâìˆ˜ê³ í–ˆì–´.âã€ â€¢ ğš¿ â€¢ INFJ 5w4 â€¢ #bpdwarrior â€¢ â„ğŸŒ— â€¢ ğŸ’ğŸŒ™ğŸ”³ğŸŒ³ â€¢ Check my carrd before following, perhaps? (Â´ âˆ€ ` *) â€¢ Mostly INA with a glimpse of ENG.",INFJ
1319900397583147008,"â³¼ENTPâ³¹
ğŸ…ğŸ…£ğŸ…ğŸ…šğŸ…¤
ğŸ„ºğŸ„¿ğŸ„¾ğŸ„¿ğŸ„´ğŸ…
Â Â Â Â Â Â Â Â Â Â Â Â Â Â Â Â Â Â Â Â  Ê™ÊŸá´€á´„á´‹
à¼»ğ”¾ğ•–ğ•ğ•šğ•Ÿğ•š à¼º",ENTP
701054604809625600,INFP | Ghibli lover ğŸ§€ğŸğŸ… à¸­à¸¢à¸¹à¹ˆà¸—à¸¸à¸à¸”à¹‰à¸­à¸¡à¸„à¸£à¹‰à¸²à¸š,INFP
779329332938313728,"joy, white rose.

infp, 9-6-4.

kata mbak bilqis, aku sebenernya banyak yg mau, cuma menutup diri aja, ndekem trus... trmasuk ga make foto profil sebagai avağŸ‘",INFP
1277961681499389953,INFP,INFP
340838359,INFP. Just chillin' and observing things.ğŸ”­,INFP
995485049620434944,he/they â€¢ minor â€¢ bi/ace â€¢ INTJ 5w6 sp/sx 514 â€¢ aspiring astrophysicist â€¢ hobbyist content creator â€¢ multiplicity: rbÂ³ (protector: @nk_volkoff),INTJ
837685552031813632,"â™Œ intp-t she/her


































































































WTB PC Kihno Resonance Jaehyun FUTURE version",INTP
221396367,ğŸŒˆğŸ2ï¸âƒ£0ï¸âƒ£â¬†ï¸ğŸ”¬INTPğŸ¤¯ â€¢ â™¥ï¸ğŸ’°ğŸ’µâ™¥ï¸ğŸ“–ğŸ“â™¥ï¸ğŸ—ºâ™¥ï¸ğŸ¨â€¢ Personal account: à¸ªà¸£à¹‰à¸²à¸‡à¹„à¸§à¹‰à¸šà¹ˆà¸™à¸šà¹‰à¸²à¸šà¸­à¹€à¸‰à¸¢à¹†â€¢ Feel free to mention or mute/unfollow :) https://t.co/J2BzYO1Mf0,INTP
804989046015623168,â €â˜‰â™ï¸|â˜½â™‘ï¸|â‡®â™ï¸ â € ENFP 7w4â € â € â € â € â € â € â € â € â € â € â € â € â € â € â € â €â € â € â € â € en free wheel sur le net,ENFP
253966749,infj + ravenclaw + scorpio,INFJ
163196860,"MMM ğŸ‘‘ INFP
I've finally found that peace I needed. Now, let's rebuild.",INFP
1147587783323766784,"ocean                                                       
                                           
he/they | istp 5w6 | 18 | turkish",ISTP
65908970,"""Patience. Use the force. Think."" #INTJ #teamironman, I solemnly swear that I am up to no good. à¸„à¸™à¸à¸¥à¸²à¸‡à¸„à¸·à¸™",INTJ
943844416179097601,"ela/dela
intp",INTP
1295033657070059520,"Nothing to share *-*
I'm INTP *5w4* , I'm Kakyoin",INTP
1268528327347720193,"'an ocean of marshmallows on some serious meds.'-@TheRealENTJBot
'It's like your DnD alignment is Chaotic Chaotic'-@EntjTime
I'm still a virgin and a minor",ENTJ
1265667081887903744,â™¡She/Theyâ™¡17â™¡INFP 9w1â™¡ â˜…,INFP
1073264179480616960,"pfp - endlessill // ĞºĞ°Ğ¶ĞµÑ‚ÑÑ Ñ infp Ğ½Ğ¾...shin kinnie 



anri warhol best girl ever ğŸ’–ğŸ’



mysme - yttd - dr - hc - btvs ğŸ’š",INFP
1312116958813474816,Matcha tea and stardust pulse through my veins. (ğŸ–¼: Sara Murtas) INFJ. 9w8. she/her.,INFJ
123967266,"INTP 4w5, j'aide les crÃ©atifs Ã  survivre via leur passion

Designer chez @bimstragency . 
 - https://t.co/hGVjO1EQ5j 

compte pro : @sparkedbyx",INTP
1261127961052241920,"sim, sou ancap: âœ¨anticapitalistaâœ¨â €â €â €â €â €â €â €â €â €
â €â €â €â€”âš§ (qualquer pronome) âš§â€”â €â €â €â €â €â €â €â €â €â €
â €  â €â €  INTP",INTP
1112811263304847363,"your not-so friendly neighborhood spoop    



INTP",INTP
895639563015671809,INFP-T ~ BiroAce 'genderfluid' LGBT+ ğŸ³ï¸â€ğŸŒˆ ~ 2001â„¢ feminist = equalits âœŠğŸ½ğŸ‘­â€ğŸ‘¬ğŸ‘«â€â€ SONEğŸ’—ë°¥ì•Œâ€â€â€ğŸšonceğŸ­CARATğŸ’ë¶€ì‚¬ë‹¨ğŸŠ,INFP
1009080432963608576,Lazy Streamer | Animal Lover | Wow Addict | Druid Main | Healer | Freelance Designer | Gamer | Enfp | Positive Vibes ++ â¤ğŸˆğŸ˜ğŸ¦ğŸ€,ENFP
1301969650813730817,"â€ğŸ’«ğŸ’«Ù„Ø§ Ø§Ù„Ù‡ Ø§Ù„Ø§ Ø§Ù„Ù„Ù‡ Ù…Ø­Ù…Ø¯ Ø±Ø³ÙˆÙ„ Ø§Ù„Ù„Ù‡ğŸ’«ğŸ’«


â€â€â€â€â€#Ø­Ø±Ù‚ Ù‡Ø¬ÙˆÙ… Ø§Ù„Ø¹Ù…Ø§Ù„Ù‚Ø©
â€â€#ENTJ",ENTJ
1276233173119242246,"14 // intp // virgo // 5 // ravenclaw // athena, hades // ILI",INTP
921368164285399042,"èµ¤äº•ç§€ä¸€å¤©ä¸‹ç¬¬ä¸€/Akaiå®¶æ—è¿‡æ¿€æ¨ï¼ˆï¼Ÿï¼‰
èµ¤ç´èµ¤/èµ¤å®‰èµ¤/æŸ¯å“€ï¼Œå¾®é›·ç§€æ˜ï¼Œç§€å“€äº²æƒ…å‘
mbtiï¼šintp-a",INTP
920247493346185216,INTJ ~ 5w4                                    âœ¨You are your own soul mateâœ¨,INTJ
1107633754724397058,"infp-t â­’ rawr!!! mostly talk about anime, kws, ljh, meng, apa lagi ya.... banyak... D:",INFP
131132280,ISTP. Donâ€™t follow. I talk to myself too much,ISTP
1437598430,perma tired ğŸ˜´ | 18 | Film & Photography Student | Mercy/Lucio bot | #ISFP #myersbriggs | @vibinwithparty,ISFP
1048640306998996992,intj 5w4 || SPOILERS,INTJ
852610537,"infp 4w5, she/her â€¢ iskağŸŒ¼|| pshs-evc '19 â€¢ upvtc biology '23(?)",INFP
1025492288280186880,"Otra loca de los gatos              
                            
She/her || INFP-T",INFP
1126259552658190336,"That quiet bitch that is actually too much
â–ªï¸â–ªï¸â–ªï¸
INFP ğŸ¤“ğŸ¥³",INFP
906922999181344768,"(she/her) reveluv ğŸ‡;; 17y, intp, pisces ;;",INTP
1227305517464375296,ğŸâœ¨ğŸ“€ğŸ¨ğŸŒ± ğŸ”®ğŸ§ƒğŸªğŸ¦‹INFP-T,INFP
1311161442406510593,"INFP || 04l || she/her
moi c'est jihan",INFP
1313574854835212288,ENFP- Totally worried for my mental health but iâ€™m sure itâ€™s fine haha,ENFP
851772915880153088,ğŸ¦‹ISFJ-T / ESFJ,ISFJ ESFJ
786819512922349568,ğŸŠ/à¸—à¸™à¸¡. | INTP-A (?) | cat slave & sleepy man | 18 | à¹à¸­à¸„à¸ˆà¸´à¸›à¸²à¸–à¸° | multifandom | dek64 |,INTP
1114648260,SynZiac/à¸›à¸¸à¸ |INTP| à¹à¸­à¸„à¸šà¹ˆà¸™ / multifandom / art acc â†’@synziac01,INTP
1261979911,"à¸¡à¸µà¸”à¸µà¹‰ à¸ªà¸£à¸°à¸­à¸µà¸ªà¸­à¸‡à¸•à¸±à¸§ | 20â†‘ | ENFJ-2? | JJK, HQ, JJBA, gbf, twst | à¸­à¹ˆà¸²à¸™à¸¥à¸°à¹€à¸­à¸µà¸¢à¸”à¹ƒà¸™à¸¥à¸´à¸‡à¸à¹Œà¸›à¸±à¸à¸«à¸¡à¸¸à¸”à¹„à¸”à¹‰à¸„à¹ˆà¸° | Display by @Magnolia29_ / Header by @tachishijin",ENFJ
1062590274763862016,Side Acc â€¢ â™€ï¸ she/her â€¢ âœ¨Multifandom and gacha hoeâœ¨ â€¢ Mostly RTs â€¢ INTP â€¢ Kinda DM shy â€¢ Dead on main acc so I just kinda lurk here,INTP
760226364595310592,She/her | INTP | 5w4 | ğŸ‡µğŸ‡±native ğŸ‡¬ğŸ‡§B2 ğŸ‡°ğŸ‡·A1/A2 ğŸ‡·ğŸ‡ºA1,INTP
1161967012316372993,"Eu gosto de jogar joguinhos =3
âœ¦ 19yrs âœ¦ GrifinÃ³rio âœ¦ Aroace âœ¦ INTJ âœ¦ 5w6",INTJ
3130147233,"INFJ rebel with a camera. Author of The Freelancer's Guide To Upwork. I help people with Pinterest, Photography and Freelancing. jendobsoncreative@gmail.com",INFJ
1892701596,yeditepe med/estj-t,ESTJ
1310860005025947649,"Can't define myself well |
{INFP guy}|
From Tarime,Mara,ğŸ‡¹ğŸ‡¿|
Clinical Medicine Student",INFP
748602366950313988,"infj || haikyuu stan ğŸ’•ğŸ’• ||

lvl 16 - 

gay, any pronoun",INFJ
1302766994643591168,"âŠ  â†¬ she/her * ğ—œğ—¡ğ—§ğ—¢_ğ—ğ—›ğ—› â†» ğ—ğ—¥ğ—¡ğ—•â–ª INFP ğŸŒ¿ âŠ homebodÑ‡, hÎ±lf dork, hÎ±lf cÄ±nnÎ±monroll â€§ ğŸŒ¸ Wen Ning supportive account",INFP
1310632527783030784,"Believer, learner, ENTJ, 6w57, she/her.
Planning to live for 100 years, living like I'm dying tonight.
'All the rivers run to the sea, yet the sea is not full'.",ENTJ
1094340075461193731,coquinha gelada infp,INFP
1136061892039008261,21 | entj | 1w9 174 | sp/so | introverted extrovert with high Fi | short entj irl | â˜¼ â™ˆï¸ â‹† â˜½ â™‰ï¸ â‹† â†‘ â™ï¸ | uk | icon made by @ESFreakyP âœ¨ | priv @sadentj | ğŸ³ï¸â€ğŸŒˆ,ENTJ
1127697930515881984,"â€¢ danganronpa stan entre outros â€¢



  â€¢26/05/19_SYTğŸ˜”ğŸ’œğŸ‡§ğŸ‡· â€¢ ISTP â€¢ fan account â€¢",ISTP
1266996176836067328,"Intersectional feminist, INFJ-T, 4-5-9, 15 yo, she/it/they, asexual panromantic~ ğŸ‡¬ğŸ‡§ ğŸ‡®ğŸ‡¹ ğŸ³ï¸â€ğŸŒˆ",INFJ
1285308738031714304,fan account | ela/dela | they/them | INFP 6w5 | ACAB 1312 | BLM | dancing queen | ace pan,INFP
955529785295417345,He/Him | INTJ | iM@S â€¢ FGO â€¢ Identity V â€¢ Arknights â€¢ Project Sekai â€¢ Genshin Impact | 90% rt | Broken Eng/EspaÃ±ol/æ—¥æœ¬èªã‚ã‹ã‚Šã¾ã›ã‚“ | gay as hell for my bois.,INTJ
1252733721410711563,"-15 and 19+ dnis // 16, istp, scorpio, bi? // black lives matter // im white",ISTP
446312876,"SanÄ±rÄ±m fazla fedakarlÄ±k yaparak kendi kendimin hakkÄ±na girdim. An INTJ, Ascâ™‰ï¸, â˜€ï¸&ğŸŒâ™Œï¸, ğŸ³ï¸â€ğŸŒˆ, mÃ¼stakbel beyin gÃ¶Ã§Ã¼ adayÄ±",INTJ
571832473,Civil engineering is loading #ESTJ,ESTJ
1292041062291316736,"I â¤ï¸ ğŸˆ+â˜•ï¸+ğŸ¥ƒ+ğŸ‡¯ğŸ‡µ+ğŸ§+ğŸ±+ğŸŒ¨+ğŸ™+ INTP
Diese Handlungen und Oktopoden sind frei erfunden. Ã„hnlichkeiten mit lebenden oder toten Oktopoden sind rein zufÃ¤llig.",INTP
1166057445183152130,âœ¨~olÃ¡~âœ¨ Ana Rita / 14/ ela/ INTP,INTP
1295157849493037057,"â€â€â€â€â€â€â€â€â€â€â€â€â€â€â€â€â€â€â€â€â€â€â€â€â€â€
â€â€â€â€â€â€â€â€â€â€â€â€â€â€â€â€â€â€â€â€â€â€â€â€â€â€â€â€#FightLikeAGirl
#INTP 5w6
#Weeb
#å¤ªå®°æ²»",INTP
141592702,https://t.co/KJ6LQab7BP #ISTP-T,ISTP
3428976928,"ENTP-T ğŸª
vinda diretamente do inferno ğŸª
crepusculete ğŸª
biologia-ufmg",ENTP
1170344672927109121,"18 | He/Him | ENFJ-TğŸ§‘ğŸ»â€ğŸ« | SlytherinğŸ | â™ | ğŸ‡®ğŸ‡¹ | ğŸ³ï¸â€ğŸŒˆ | Ultimates: ë°•ì°¬ì—´, ê¹€ì„ì§„, ê¹€ë‚¨ì¤€, Lucas, Mark. The Office: S2 E6, 21:05",ENFJ
1305859282022400000,"""i would die for her...""
â›“ğŸ–¤ğŸŒ¹
she/her | INFP-t | sapphic | atea | minor
âš  bestemmie - neapolitan slurs",INFP
1301200866838482956,"THEY!SHE â˜† INTP-T â˜† meji, preru, ces",INTP
1150454928776859649,"â€â€â€Ú©Ø¬Ø§ Ù…ÛŒØ´Ù‡ ÙÙ‡Ù…ÛŒØ¯ ØªÙˆ Ø°Ù‡Ù† Ø¢Ø¯Ù…Ø§ Ú†ÛŒ Ù…ÛŒÚ¯Ø°Ø±Ù‡ØŸ!
â€â€#infp",INFP
1147587932020236289,1996 | INTP-T | an account solely for being an INTP freely | Not a native English speaker,INTP
981846099068506113,ãƒŠã‚¤ã‚¹ ä¸€ INTP â€¢ 03s | benedict c. | twh | marvel | conan : akam shinkai | sherlock holmes | hannigram | ä¸€ multipotentialite x complainer x musicaholic,INTP
843284916037025792,intjã…¡villains are modeled on this personality typeã€‚,INTJ
21489242,Former corporate cog to Claircognizant Medium who enjoys writing about #Music #BlackLove #Futurism #Paranormal | Aqua stellium â˜€ï¸ Leoâ˜½ Leoâ‡¡| ENTJ | B1 | TMCğŸğŸ”,ENTJ
67079650,Ø±Ø­Ù… Ø§Ù„Ù„Ù‡ Ø§Ù„Ø´Ù‡Ø¯Ø§Ø¡ Ùˆ Ø´ÙÙ‰ Ø§Ù„Ù…ØµØ§Ø¨ÙŠÙ† Ùˆ Ø§Ø±Ø¬Ø¹ Ø§Ù„Ù…ÙÙ‚ÙˆØ¯ÙŠÙ† Ø§Ù„Ù‰ Ø§Ù‡Ø§Ù„ÙŠÙ‡Ù….ENFP#,ENFP
1304385719696265221,"any pronouns â€¢ intp 5w4 (?) â™ â€¢ how do i make a bio â€¢
 https://t.co/bmDWsNsZM3",INTP
873486901810012160,I'm just playing life. 'The light that u discover in your life is proportionate to the amount of the darkness that u are willing to forthrightly confront'. INFP,INFP
1293790451732852737,"intp 9w1, i made this twitter account for research. 14, she/her",INTP
1269664961485144064,"ENTJ-A || 8w7 || demi-ro                                              
dead inside but still lovely.",ENTJ
1211439920142667776,"INTP-A be weird always be part of meâœ¨ğŸ¤¯âœ¨
         ğŸ“BTS DAY6 nge Fanart dikitğŸ˜—
https://t.co/smFxeSqyOV",INTP
1206589896095338497,"Carlos
20, He/Him
Student of International Relations
Â«å´‡é«˜Â»â”‚Duke of Sealand â”‚ENTP
ENG//ESP",ENTP
1269294568819785734,"Woodland Creature, (She/Her), Bisexual, ADHD, INFP, Enneagram 4, D&D player, Optimist and Life Enthusiast.
#BlackLivesMatter #ADHD #Sexworkiswork #Wearamask",INFP
1303478516462256128,"â€â€Ù„Ù‡Ø§ ÙÙŠ Ø§Ù„Ø­ÙŠØ§Ø©Ù Ø·Ø¨Ø¹ÙŒ Ø±Ù‚ÙŠÙ‚ ğŸ’•
INFP-T",INFP
250614887,"I know that I donâ€™t know. Interested in finance, philosophy, culture, geography, environment, memes, astronomy, international relations. INFJ.",INFJ
941394805321601027,"ela/dela |  minha vida Ã© um surto, mas isso nÃ£o quer dizer que eu nÃ£o tento achar motivos para rir da desgraÃ§a | INFJ-T",INFJ
305455849,infp-t ğŸ’š the gifted graduation hype girl ğŸ’š,INFP
1303474721468690433,INTJ-T Â° 20 Â° bilingual,INTJ
976082054910636032,@mishacollins â€¢ 18 â€¢ â™’ â€¢ she/they â€¢ infp-t â€¢ pan â€¢ ravenclaw â€¢ the one thing i want... it's something i know i can't have.,INFP
1293501835387396096,"Human Disaster, Socially Awkward, DogMum, Asexual, Introvert, INFP, FanFic Obsessed, Stucky Obsessed, Coffee Addict, Anime, Art, Pretty Things, Sad Stuff ğŸ¦©",INFP
1284797619693211648,"{Vent account is @Perklemptwo } They/Them, boyflux nblm, minor{INFP-T} Banner by @Altan_Blue {NSFW DNI} Mac and Elmer stan",INFP
532522106,Vegan â€¢ Leftist â€¢ Atheist â€¢ INFJ â€¢ daughter of sappho ğŸ³ï¸â€ğŸŒˆ â€¢,INFJ
4756339966,"pv de @liliangbts, INTP",INTP
1053627223067033602,"2 cute 2 be str8 but still listening to emo bands                         
she/he              a bookstan                INTP",INTP
1280569860196569088,"she/her, minor | ESP/ENG | multifandom â€“ mostly videogames (zelda, FE, AA, Layton, etc) ~ intp",INTP
1265271019977261056,"18yo â€¢ she/her â€¢ enfp â€¢ nerdola, esquisita, kpopper e egirl mono peel",ENFP
1102581844460126209,"âœ¨ people throw rocks at things that shine, but they canâ€™t take whatâ€™s ours âœ¨ INFP",INFP
3268264159,INTJ...,INTJ
1291095020179787779,#ENFP | â™’ï¸ â˜‰ â™“ï¸â‡¡â™ˆï¸ â˜¾ | Hufflepuff,ENFP
1278352364,"drama e prosecco â€¢ INFJ ğŸ‚
she/her",INFJ
1297896304878657537,"New Account | INTJ, 22.",INTJ
1196823881308397570,"ğ”¸ğ•¥ğ•¥ğ•–ğ•Ÿğ•«ğ•šğ• ğ•Ÿğ•–, ğ•”ğ• ğ•Ÿğ•¥ğ•–ğ•Ÿğ•¦ğ•¥ğ•  ğ•—ğ•£ğ•’ğ•˜ğ•šğ•ğ•– /INFP/ she, her",INFP
1082785371711332353,INTJ | â™¥ | UT,INTJ
896672304356143104,#ğ–‡ğ–™ğ–˜ #ğ–™ğ–†ğ–ğ–“ğ–Šğ–œ #ğ–‡ğ–—ğ–ğ–Œğ–ğ–™ğ–œğ–ğ–“ #J9 #ğ–”ğ–ğ–’ğ–ğ–†ğ–” #INFP #Enhypen,INFP
1298952732628471809,"19 |f ENFP | 7w8 | Leo â™Œï¸| Sometimes Iâ€™m funny, and the other 95% of the time Iâ€™m just cringy af. Yes Iâ€™m straight. Yes i do exist.",ENFP
1298859400367468544,I'm an Aries ISFP. I just graduated in a degree in BSc Psychology. Since I'm basically unemployed I'm blogging my wellness journey!âœ¨She/her.ğŸ,ISFP
2391533238,INFJ,INFJ
891980989311860736,infp Â¹â¹â¹â¹ â€” a sincere apology to all victims of my social awkwardness. / call it cyber account or anything.,INFP
2422068241,"ELF (Petal ğŸŒ» Jewel ğŸ’)
Super Junior ëŠ˜ ê³ ë§™ê³  ë¯¸ì•ˆí•˜ê³  ì‚¬ë‘í•´ìš” ğŸ’™ğŸ’™ğŸ’™ #EunHae
Broccoli Nation brought me back to Twitter ğŸ¥¦ #BetweenUs2021 â€¢ She/Her â€¢ '99 â€¢ INFP â€¢ ğŸ‡²ğŸ‡¦",INFP
185407183,#Kpop #Apink #INFP,INFP
1297373626405191683,ğ–‰ğ–Šğ–•ğ–—ğ–Šğ–˜ğ–˜ğ–Šğ–‰ ğ–ğ–“ğ–‰ğ–ğ–Š ğ–Œğ–ğ–—ğ–‘â„¢ â€¢ INTJ â€¢ future video game developer,INTJ
1397397198,"she/her, 21, black lives matter, ACAB, this account is a safe space for LGBTQIA+ | ENTP (ğŸ…±ï¸oro)",ENTP
1216385521464668160,"she/ her | 15 | intp | icon by: @polepinn | art acc: @eeveeyao

this is my personal acc, dont follow if youre easily offended",INTP
1284286216880324608,UNUS ANNUS ACC @MementoMoriUA | she/they/unus/annus | The P stands for Procrastination | minor | an extrovert-leaning ambivert | ENTP 2w3 | Priv @bigstupidENTP,ENTP
1275835208277856263,cause I was just informed that hitler was an INFJ | he/him | follow me back I want friends | 3w4,INFJ
1154241047553335302,Ø¨Ø­Ø§ÙˆÙ„ Ø£Ø¬Ø¯ ÙÙŠ Ù…ØªØ³Ø¹ Ø§Ù„Ø­ÙŠØ§Ø© Ø­ÙŠÙ‘Ø² Ø¶ÙŠÙ‚ Ø£Ø·Ù„Ù‚ ÙÙŠÙ‡ Ø§Ù„Ø¹Ù†Ø§Ù† Ù„ÙƒÙ„ Ù…Ø§ÙŠØ¯ÙˆØ± ÙÙŠ Ø¹Ù‚Ù„ÙŠ. #ISTJ,ISTJ
1251185579435470851,intp // ĞµÑ‘ Ğ½ĞµĞ¶Ğ½Ğ¾Ğµ Ğ±ĞµĞ·Ğ·Ğ°Ñ‰Ğ¸Ñ‚Ğ½Ğ¾Ğµ Ğ¸ Ñ€Ğ°Ğ½Ğ¸Ğ¼Ğ¾Ğµ ÑÑƒÑ‰ĞµÑÑ‚Ğ²Ğ¾ @ferskenritsu â™¡,INTP
1249333045020299264,"ISTPs ğŸ’” // going through âœ¨things âœ¨ // NSFW sometimes 
she / they / that bitch",ISTP
1293029097636012037,"ENTP/
4w5/
20 Anos/
ArujÃ¡-Sp",ENTP
1284631687100534784,sara â– she/her â– 18 â– INFJ with high Ti â– ceo of insightful essay threads and cognitive function dynamics â– artist once in a blue moon,INFJ
1103027977128951809,Ø£Ø¹Ø·Ù ÙƒÙ„ Ø³Ø§Ø¦Ù„Ù Ù…Ø·Ù„Ø¨Ù‡..Ø£Ù…Ø§ Ø£Ù†Ø§ ÙÙ…Ø·Ù„Ø¨ÙŠ Ø­ÙÙ†Ø©ÙŒ Ù…Ù† Ø§Ù„Ù…Ø¬Ø§Ù†ÙŠÙ† #ENTJğŸ§ ğŸŒ,ENTJ
1280979863218814976,ğ–“ğ–”ğ–™ğ–ğ–ğ–“ğ–Œ ğ–’ğ–šğ–ˆğ– ğ–ğ–šğ–˜ğ–™ ğ–† ğ–‹ğ–†ğ–“ğ–ˆğ– ğ–‹ğ–”ğ–“ğ–™ ğ–ğ–“ ğ–‡ğ–ğ–” / INTJ-T #MeToo #BlackLivesMatter,INTJ
1188806606403723264,#MULTIFANDOM â€¢ chaotic with sucky social batteries â€¢ â˜„ğŸ”­ğŸ¨ğŸ–Œ â€¢ ğŸ¤ğŸ¸ğŸ“ğŸ’­ â€¢ #INTJ #3W2 #sosp #LIE #BIOGD â€¢ â™â™‘â™“,INTJ
1296105318267723778,"INFP. 
#justiÃ§apormariferrer",INFP
1203324657631412224,"ğŸ’›ğŸˆâ­ | infp | 20 yo | daydreamer | ?artist? | genshin impact, obey me, haikyuu |",INFP
1140370884,Î¦Î¹Î»Î¿ÏƒÎ¿Ï†Î¯Î±â¤ÏˆÏ…Ï‡Î¿Î»Î¿Î³Î¯Î± / Marxismâ˜­ / ENTJ,ENTJ
1295650382664925184,"#removetherainbow #antimap #childrenslivesmatter

Here to sift through your garbage...

â™€ï¸Female/ â™ˆAries/ğŸ’Married/ğŸŒˆPansexual/ğŸ˜»Cat lover/ğŸ¤“INTJ/â˜•tea lover",INTJ
1122972599779074048,Big sister â€¢ Donor â€¢ Healer â€¢ Thinker â€¢ Reader â€¢ Listener â€¢ INTJ â€¢ she/her,INTJ
3120568609,â™  INFJ - T  /Dana's legacy. Just let me show you what art and love means through me. // My demon @irxnveins_,INFJ
798640606612426752,"ceo of cows || demiro ace rights bby || infj 5w4 ğŸ¤¡ || i disconnecteth (mostly ia for school)

phannie but also multi",INFJ
1022257125421187073,Wren - Demigirl - Canonically uses: She/They/It - ENTP 4w3 - Mage of Time - Bi(romantic and asexual) Runs @day_tbh - Banner by @confusedophan,ENTP
1283743124410572802,Star Warsâœ¨Rey stan | slytherin ğŸ| anime | hokie sports ğŸ¦ƒ| 3w2 | ISTJ | TPWKğŸ’š| dyad to @reveriemou â™¥ï¸| wifed up by @hereforthefic ğŸ¥°| header by @reveriemou,ISTJ
1221555753342906383,INTJğŸ•¸ï¸Sometimes carelessğŸ•¸ï¸Anime loverğŸ•¸ï¸series addictğŸ•¸ï¸Real Madrid geekğŸ•¸ï¸Medicine student U of Bahri,INTJ
943834067337973760,"entj 3w2 sp/so 29' geminiana (mas com asc em touro, entÃ£o tÃ¡ tudo bem) ela/dela
| conte sete estrelas e sonharÃ¡ comigo |",ENTJ
1186050313415020545,She/Her | INFP | ğŸ‡¦ğŸ‡· | Ù©( á› )Ùˆ,INFP
994242014496591873,18 | estp | she/her,ESTP
1197900940294213632,"Move baby, move baby, I'm in love down on the weast coast â€” intj â€” ela/dela â€” perfil combinadinho com a @Annchorage",INTJ
1267903490980040704,#NIKA: Stream Someone To You//she/her//20yo//enfp-t//cancer â™‹//lesbian i chuj,ENFP
78816778,"Time doesn't care even if you're in pain. | INTP, maybe. Evolving 5w4/6. Mostly self-talk + shitpost? ğŸ‘¾ Don't follow unless it's a matter of life & death.",INTP
816065896192114689,kaÅ¼dy moÅ¼e byÄ‡ ksiÄ™Å¼niczkÄ… ğŸ‘‘ | nurse | chaotic writer | slytherin | INFP,INFP
4267317076,| p*land | pan | leftist | INFP-T | pfp by @milozabownica ğŸ¥ºğŸ’š chociaÅ¼ na kilka godz chce te Å›liczna zabcie na pfp,INFP
2162961591,This bio is under new management. By the order of the Peaky Blinders.| INTP |,INTP
2575084784,A future Billionaire Ø¥Ù† Ø´Ø§Ø¡ Ø§Ù„Ù„Ù‡| In love with Nutrition ğŸ« ğŸ­ |#INFP @MaherZain,INFP
1279084400345415680,Twenty-something female #INTP | 4w3 ğŸŒ¸ğŸ™†ğŸ»â€â™€ï¸ Music is my favorite thing ğŸ¶ğŸ§ Creativity makes me ğŸ˜Šâœ¨ğŸŒˆ,INTP
3988582155,s-her. entj. slytherclaw. addicted to books.,ENTJ
941925030455336960,"Call me Amias or KrossğŸ¥€28//Female//(She/Her)//Biracial//INFP-T//Taurus//BLM âœŠğŸ½âœŠğŸ¿âœŠğŸ»

Icon by katagro
Banner by @brittkneeze",INFP
347030898,"INFP-T
|
ğ˜'ğ˜® ğ˜¢ ğ˜®ğ˜¦ğ˜´ğ˜´ ğ˜°ğ˜§ ğ˜¶ğ˜¯ğ˜§ğ˜ªğ˜¯ğ˜ªğ˜´ğ˜©ğ˜¦ğ˜¥ ğ˜µğ˜©ğ˜°ğ˜¶ğ˜¨ğ˜©ğ˜µğ˜´ -ğ˜‘ğ˜°ğ˜©ğ˜¯ ğ˜”ğ˜¢ğ˜ºğ˜¦ğ˜³",INFP
726708552761532416,"'no man, no matter how great, can know his destiny'.
merlin | harry potter | sherlock | lotr |
rock bands | marvel | Pharma Student | Rome, 19
INFP-T she/her",INFP
700264381,"19 , infj , ela/dela , desenho de vez em quando , publicidade e propaganda",INFJ
1219658804284936192,| INFJ â™‘ï¸| TH 60% ENG 40% | She/Her They/Them CLAIRE | 13 | Artist & Author ğŸ¨ğŸ–‹,INFJ
1214271228,"itskinnon mas na vdd its agatha, disappointing i know â€¢ do no harm but take no shit â€¢ gryff â€¢ intp { she/her â€¢ ela/dela }",INTP
4575241215,blm â€¢ infj-t â€¢ she/her â€¢ eng/fr ğŸ”,INFJ
1151537490467201024,"Catholic. 22. taken â¤ï¸pro-life + anti-racist, anti-sexist. mental health matters.  TÃ˜P/ P!ATD stan. disney girl. ISFP. Ben Solo ğŸ’” REYLO. banner by @joyfullyok",ISFP
728251604395278336,Self-taught artist | 14 | Gemini | INTP 5w4 594 | Chaotic Neutral | Melancholic-Choleric | your favorite lizardğŸ¦âª #blacklivesmatter,INTP
3153456170,"18y
ENFP-A",ENFP
3439287389,chaotic good | enfp-t | ela/dela,ENFP
1118071819788005377,"ğŸŒ¸Make LOVEğŸŒ¸

'Cause with my mid-youth crisis all said and done
I need to be youthfully felt, 'cause God I never felt young

INFP
(picrew art by @taggedisabel)",INFP
1229150505974276098,INTP. AOT spoilers are wellcome. ESP/ENG. Because i was born into this world.,INTP
1120556245834878976,Tu chica favorita âœ¨ğŸ’œ INFP//ğŸ‡¬ğŸ‡¹ğŸ‡¨ğŸ‡³,INFP
67518412,"Gestora cultural. Escribo cuando lo necesito y canto cuando no puedo hablar. Me gusta el anime, dibujar y leer. |â˜€ï¸â™ï¸ğŸŒ™â™’ï¸ğŸ‡â™Œï¸ | INFP | 4w5 |",INFP
1250251168867143681,"She/her
ENTP-T",ENTP
1266191620749303808,â€¢Christ Follower â€¢Minimalist â€¢INFJ-T,INFJ
4582645228,intp â”‚@moondhexeâ”‚ğŸŒ»â”‚bunny mom ğŸ‡,INTP
1174571430324789253,a Chinese who also speaks a little English/want to learnã€€æ—¥æœ¬èª and Ğ ÑƒÑÑĞºĞ¸Ğ¹ ÑĞ·Ñ‹Ğº and Deutsch/INFPï¼Œ 4w5,INFP
1063104887393841152,"18y | entp | ele/dele | filme de terror, rpg, otaquice, comida, comunismo e videogame",ENTP
27612398,"I don't get cute, I get drop dead gorgeous
ENTP
29y",ENTP
1187400322228150274,"*:ï½¥ï¾Ÿknow that i would gladly be the Icarus to your certainty, oh my sunlight â€¢ intp-t â˜½",INTP
3087441362,"Just a whole lot of memes and dreams about INFPs (a delightfully adorable, awkward and introverted bunch of misfits). Share your memes & dreams, cutie patooties",INFP
3224810507,@LuneAutomnale â™¡â€¢ @RollikkOff â€¢ @Wadoffy â€¢ @kuwatsouda || elle/she || ğ”ğ™´ğ™»ğ™»ğ™¾â™¡/â˜¼â™ï¸ |â˜¾â™“ï¸|â‡¡â™ï¸| INFP,INFP
1213571295847145472,"ğŸ“š Desenhos, papos literÃ¡rios e surtos

| INFP-T  | â™ | Artista âœ | NÃ£o-binÃ¡rie (Ela/Ele/Elu) ğŸ³ï¸â€ğŸŒˆ | â˜¸ Buda way | Indo pro Veganismo ğŸŒ± |",INFP
812348719634976768,Cursed â€¢ infp-t 4w5 â€¢ ele/dele//he/him â€¢ autistic,INFP
2974265758,"Maintain pimpin, can't change pimpin, stone age to space age pimpin. Always in motion,like the ocean, INTJ looking for my INFJ.",INTJ INFJ
561913847,"Dentro questa musica c'Ã¨ una forza senza tempo che attraversa l'anima
#italvolley ğŸ #amalağŸ–¤ğŸ’™
she/her|  â™‰|INFJ-T|revenclaw",INFJ
1290293891615383555,"INFP Cancer Sun, Leo Moon and Libra Rising
Just trying to be my soft self
she/her",INFP
803352487021477888,Polemizzare su tutto Ã¨ il mio lavoro a tempo pieno. PROUD TO BI ğŸŒˆ acabâœŠğŸ¼God bless this mess (me) - ESTJ-T - â™‰,ESTJ
1510684675,ğŸ‡®ğŸ‡¹ | fan acc | biğŸ³â€ğŸŒˆ | movies & tv series | Hufflepuff | House Stark | â™â˜€ï¸â™â†‘â™’ğŸŒ™ | The Boys stan acc | INFP/INFJ | she/her | dir. by Taika Waititi,INFP INFJ
737602016055173120,ob irgendwas von uns bleibt â™¡ | dark and SKAM ğŸ‡³ğŸ‡´ stan account | infp-t/ 4w5 | quasi nessuna delle mie otp Ã¨ endgame ğŸ¤¡| RIP BELLARKE (2014-âˆ) *FAN ACCOUNT*,INFP
1234838633426964480,"Booklover||Art student||Tea and Chocolate addicted||extremely anxious||Ravenclaw||INTP||ğŸ³ï¸â€ğŸŒˆ(she/her) 
procrastino piÃ¹ del Nevada | attenzione spoiler casuali",INTP
808647663096893440,Idealista. Don Chisciotte senza Sancho Panza. INFP. Scrivo per vendetta.,INFP
1281655916933324807,garbage disposal | he/him | ğŸ’› @nonexistentshet ğŸ’› | #SHORTENTJ #BIGFLOPPA,ENTJ
1262044000653115392,Hobbyist digital artist â— ISTJ â— Potterhead âš¡ â— mostly SAO//é»’åŸ·äº‹//ãƒ‡ã‚¸ãƒ¢ãƒ³ã‚¢ãƒ‰ãƒ™ãƒ³ãƒãƒ£ãƒ¼//éŠæˆ¯ç‹DM â—  â›” DO NOT USE/REPOST MY ART â›”,ISTJ
1069769460163194882,"25/INFP-T/she-her/Trans Girl/â™‹cÃ¡ncer/Latina
headed by @Abigailworksnow",INFP
1161787155317964800,"A safe space for everyone! ğŸ’œğŸŒ»ğŸ˜Š Your local dreamer and overthinker. I make cupcakes and bad decisions ||-// PL/ENG | infp â™¡
#renewannewithane",INFP
1289819360282861568,An INFP who loves to experience things that stimulate not just the mind but also the heart.,INFP
1289846660458319872,she/her // Infp // fandom stuff // current obsession : Percy Jackson ğŸŒŠ,INFP
1289529673056243712,"âœ¨female intj-a, 8w5, Ravenclaw, Leoâœ¨
âœ¨Weebâœ¨ âœ¨Greek âœ¨",INTJ
1287763739362709504,"he 

Profile picture by @ENTPezri

8w7 478 sx/so",ENTP
743323746488848384,Imagine youâ€™re an INFJ and HSP when the worldâ€™s full of shit ğŸ™ˆğŸ™‰â˜ ï¸,INFJ
759146350869155840,20 | INTP | 5w4 | Slytherin | Horned Serpent | Metalhead | Masshole | Multifandom | Shark Enthusiast ğŸ¦ˆ | Future marine biologist | Cryptids | she/her | BLM,INTP
57877535,ISTJBCAPSANJINGKAMISKLIWON,ISTJ
964198339284819970,ITI trainee  - BE in computer and systems engineering 2020 ğŸ“ - artist - writer - INFP-T personality ğŸ’™ğŸ¦,INFP
1113565814962171904,- #VAMPIRE #ISTJ-A,ISTJ
1183576600610246658,"ğŸ‡99lineğŸŒŒ
ğŸ’­INFPğŸ¦‹
ğŸŒ¿(ela/dela)ğŸŒ¿
ğŸ¤¯too many bias and utts! could you please help me?!
ğŸŒˆMeu Girassol @larijsuh ğŸ³ï¸â€ğŸŒˆâš˜ğŸ’›ğŸŒ»ğŸ‘­",INFP
1146255990196756480,"INFJ - 4w5 - 469 || - ela/dela

#BlackLivesMatter",INFJ
1126083393932779520,Elle est forte | Old soul | INFP-T | She/her | ğŸ§œâ€â™€ï¸,INFP
864283310196916224,im full of softness n love but i am also full of traumaã…¤|ã…¤fan accountã…¤|ã…¤enfpã…¤|ã…¤ã€ŒÃª/elu/-e + a/ela/-aã€,ENFP
1272587746192904193,"art account ?
miraii._.universe on insta
lvl17 :3 ğŸŒ¸ probably enfp",ENFP
717108441429458945,https://t.co/72u8Pv2qId INTP 5w6 tritype 594,INTP
870084689645719552,Ao sul de lugar nenhum / ENTP / Computeiro/ As vezes artista/ UFPR / ğŸ‡¯ğŸ‡µ and ğŸ‡ºğŸ‡¸ / everything that kills me makes me feel alive,ENTP
728614245294706688,UCLAâ€™21 ğŸ’™ğŸ»ğŸ’› ENTJ â™‘ï¸,ENTJ
1285578994381918208,"Cuando sientas que tu mundo se destruye, ven al mÃ­o.
Eng/Esp | ATINY MOA ARMY ENGENE+KEIY | Fan Account
INFP ~ 4w5 ~ Hufflepuff ğŸ’›",INFP
1184902800721006593,ĞĞ¿ÑÑ‚ÑŒ Ğ³Ğ¸Ğ¿ĞµÑ€Ñ„Ğ¸ĞºÑĞ°Ñ†Ğ¸Ñ Ğ½Ğ° dps Ğ¸ Ğ³Ğ°Ğ½Ğ½Ğ¸Ğ±Ğ°Ğ»Ğ° || Ğ²Ğ·Ğ°Ğ¸Ğ¼Ğ½Ğ°Ñ || ğŸ’—ğŸ’œğŸ’™ || she/they || 16  || hufflepuff || infp/t || 9w1 || so/sx,INFP
1032917919871717376,"We weridos have to stay together â€¢TOH,She-ra,Utena,Infinity train,dw,kipoâ€¢Brâ€¢BLMâ€¢AMVâ€¢D&Dâ€¢
INFPâ€¢ Genderfluid lesbian â€¢Dyslexicâ€¢17 yearsâ€¢ @_sapphocating â£",INFP
814153822545256449,@nectarinnestudies no instagram | intj sp/sx | @ronlyytheduck -- meu amorzinho,INTJ
1275509078081646595,ğŸŒ»self taught artist INFPğŸŒ» art commissions r closedâ€¢DMâ€¢,INFP
1159880977939861504,"#Ø¥Ù„Ø§_Ø±Ø³ÙˆÙ„_Ø§Ù„Ù„Ù‡

ENTJ-TğŸ’ª

 ONE IN A MILLIONğŸ­ğŸ’•
 Love Yourself ğŸ˜˜âœŠ
  #TWICE  #ONCE
 #TWICEofOctober  
#EyesWideOpen
 #ICANTSTOPME
 #GetWellSoonJeongyeon",ENTJ
1118175476428754944,"ENTP-T

I'm a liability
get you wild, make you leave",ENTP
1262135838143664129,"Ni-Fe-Ti-Se â—¼â—»INFJ-Aâ–ªâ–ª5w4â–«â–«
Former Musician. Special Education Teacher & Musicotherapist. 
Animal Lover & Advocate.
Carl Jung & INFJ Personality Type, Quotes.",INFJ
1280646801486417921,"I'm here to endorse Female ISTP rights and if you have a probably with that then perish

https://t.co/n1NTSLKmr9",ISTP
1001862440890585088,17 yo | INFP | he/him | Nintendo ğ’¸ğ‘œğ“ƒğ“ƒğ‘œğ’¾ğ“ˆğ“ˆğ‘’ğ“Šğ“‡ and a weeb. Ooh I cooka da meatball. ğŸ–¤ğŸ¤ğŸ’œ,INFP
819507916998852610,ENFJ - Pansexual - Teacher - Student- zoophilist,ENFJ
3435914315,"INTP-T
Nyctophilia
ğŸ”¢ğŸ¸ğŸ“·ğŸ’»",INTP
1279259023376875521,"Mati, 21 years old, he/him. INFP 4w5, like Albert Camus and Gerard Way.",INFP
1971717404,"Hong Kong ğŸ‡­ğŸ‡° |  20+ | INTP |
AoT: Eruri (ë¯•â€¿ë¯•)â¤(ëˆˆ_ëˆˆ) |
JJBA: ğŸ’œJoseph x CaesarğŸ§¡ | ğŸ’šGyro x JohnnyğŸ’™|
I speak Chinese & EnglishğŸ’â€â™€ï¸ | æ—¥æœ¬èªèª­ã‚€ã“ã¨ğŸ‘Œ",INTP
1269304811608051713,INFP 2w3,INFP
1278770342060650497,"INTJ. 5w4, Theories and philosophy, looking into the night sky and seeing possibilities. Private account to @INTJmatt",INTJ
1231775701252001792,INTJ,INTJ
1163882466697994241,"|  |  | | | | |  |   O | | |  
ENTJ  
Occasional fansite : #GrandeGrenouille (Pentagon) // #SuperMilkTea (SuperM)",ENTJ
1277534244512976897,Enfp ğŸ’™,ENFP
1054932042092367872,"#infp people cry, not because they are weak but because they have been strong for too long",INFP
1277359434084343808,INFP 4w3 sp/sx. BA student in comparative literature. Typology nerd. Loves feminist literature. Not always moody.,INFP
1257372713632620546,ã€‹â˜† yeah right im here for @sushitrash's nose and @richbrian's king shit || {claiming nectar track 11} || enfp || she . they â˜†ã€Š    fan account,ENFP
1219934026108043264,"infp-t
Maybe something like ğŸ¡
Chinese/EnglishğŸ‘ŒğŸ»
(not a very good English user im sorryâ€¦â€¦)
Use translation software",INFP
891140224746569730,"ğŸ‡»ğŸ‡³ | ENFJ | she/her | @ithepalsartists | @lillyyfries | Physically I'm here, mentally I'm in a little white church in the middle of a desert getting burned",ENFJ
1268930833844494337,Riley // INFP // 4w5 // 18 // They/them,INFP
2273444610,"Licenciada en demoliciÃ³n de hormigueros. GÃ³tica de turno amante del anime, la buena mÃºsica y los idiomas.Jugona empedernida y futura traductora. INFJ",INFJ
1157305804103585792,"astrophileğŸŒŒ.
InfpğŸŒš",INFP
2770001560,INFJ,INFJ
1033786457738174464,âŒ¦ ğ„ğ¯ğğ§ ğ¢ğŸ ğ²ğ¨ğ®ğ« ğ›ğ«ğšğ¢ğ§ ğ¢ğ¬ ğ°ğ¨ğ«ğ­ğ¡ğ¥ğğ¬ğ¬ ğ¦ğ¢ğ§ğ ğ¢ğ¬ ğğğŸğ¢ğ§ğ¢ğ­ğğ¥ğ² ğ©ğ«ğğœğ¢ğ¨ğ®ğ¬ âˆâŠ•â”âŠ•âˆ | intp | Ğ¿Ğ°Ñ€Ğ½Ğ°Ñ Ñ @volcha123,INTP
1050960040235032577,shiro - he/his - INTJ - 18+ - SFW only acct,INTJ
1156354199342505984,deus esta triste com tanto esquerdista | infp-t | ela/dela | @katsukarettaâ €â €â € â €â €â € â €â €â € â €â €â € â €â €â € â €â €â € â €â €â €,INFP
1045257291539369984,"Hi! I'm Thalerbet and i do things) 
Warcraft, DBH, DnD and a little bit of shitposting in russian, 
30+, nb, pan, ğŸ³ï¸â€ğŸŒˆ, ESFP, Ğ¡Ğ­Ğ­, ğŸŒâ™‰ï¸ğŸŒšâ™‰ï¸â¬†ï¸â™Œï¸, 
ru/badeng",ESFP
1267164698144800771,"Il y a une raison a tout :)------she/them, INFP et hp",INFP
4356868458,ğŸ‡²ğŸ‡¾  | INFP | #keshikult ê’°ï½¡â€¢`ï½ªÂ´â€¢ï½¡ê’±Û¶,INFP
966998759723839488,"therapy is expensive, but chris evansâ€™ laugh is free. | INFJ | she/her | loves cats ğŸˆ",INFJ
2925772479,"I tweet about myself and my life randomly and don't give af! ğŸ˜‚
#mobilegamer,#simmer,#musiclover,#horrormoviebuff,#istp,#scorpio,#mjfam,#poet,#otaku.",ISTP
1093065875295395841,"ENFP, 4w3, sx/sp, 2e, empath, idealist, army, crackhead, et ceterağŸ˜‚ğŸ’œ",ENFP
919642223209218048,Kpop (Multifandom ğŸ’œ) ~ Happy ğŸŒ¸ ~ ENFP ğŸ’­~ Music & Art lover ğŸ¶ğŸ¨ ~ I love playing games ğŸ¤­,ENFP
793393345,"#ENTJ, mom, wife, keto lifestyle : @savvyketomom
Perfectionist, organized, practical, straightforward, realistic, rational and super annoying",ENTJ
1085282184649498624,"She/her
ğŸ¦‰ Ğ¡Ğ¸Ğ½Ğ¸Ğ¹ Ğ’Ğ¾Ñ€Ğ¾Ğ±ÑƒÑˆĞµĞº | ĞÑ‚Ğ·Ñ‹Ğ²Ğ°ÑÑÑŒ Ğ½Ğ° ĞĞºĞ°Ğ´Ğµ | Chemistry| INTPâ™ğŸ‡ºğŸ‡¦
#harrypotter #ravenclaw #snarry
Ğ›ÑĞ±Ğ¸Ğ¼Ğ°Ñ ÑĞ¼Ğ¾Ñ‚Ñ€Ğ¸Ñ‚ĞµĞ»ÑŒĞ½Ğ¸Ñ†Ğ° Ğ¼Ğ°ÑĞºĞ° @waferWYyan",INTP
1080946315603951616,#BlackLivesMatter | â™‰ï¸â˜‰ â™ï¸â˜½ â™ï¸â†‘ | INFJ 7w6 so/sx | IEI-Fe | she/her |ğŸŒ¼,INFJ
534628535,Non-binary â€¢ They/Them â€¢ LVL 20+ â€¢ INFJ-T â€¢ Artist â€¢ Not Spoiler Free! â€¢ Married to @UpperKizuki2 â€¢ BLM+ACAB,INFJ
603954939,Substance Enthusiast | â›°ï¸Climbing and â˜• | Your local gentlethem | INTP | They/Them | #XboxGameChanger2018 | #GirlsMakeGames2018 | https://t.co/sGsAJncwrH,INTP
1073423416760373248,"No minors!
| 82% rt's, 15% shitposts, 3% content | 35+| She/Her | Big time INFP | Occasional maker of things | Newsletter: https://t.co/IiGJk5mrbX",INFP
902621125242441728,"Helle. OU Alum (BoA Russian)
INTJ/Scorpio. Bi Pride. She/her/they/their
Severe allergy to Republicans. 
Your favorite dog trainer.",INTJ
335857201,á®–á®’á®¤á®ƒá®‚ â€¢ ğŸ‡®ğŸ‡© â€¢ intp â€¢  retweets A LOT â€¢ mostly draw OCs â€¢ arts on Moments â€¢ IG: patieung â€¢  write @ https://t.co/Qej3aObKpq,INTP
969669263962398720,"cam / nb / any pronouns / 21 y.o / entp 7w6 714 / French / pseudo art acc (secretly shinji, aizen and espada stan acc) / BLM and ACAB",ENTP
844702843105918976,"Hobby fanartist ğŸ¦Š | INTPğŸ¦„ | Forest spiritğŸ¦‰| Test Automation Engineer ğŸ™ | EFL | 20â†‘ | currently into JJBA ğŸ¬ğŸ’/â­ğŸ’ | Please, don't QRT my stuff",INTP
742547803101122560,"Ryan, 18, Male (he/him); INFJ-A; 9(w1)52; Scorpio; Certified Fool",INFJ
1080437756269076480,"Just you wait/
ENFP-T/For Every Child/Amor Fati/ 
she/her",ENFP
804524054182961152,"''There is only a queer divine dissatisfaction, a blessed unrest that keeps us marching and makes us more alive than the others.''

â€¢ INFP â€¢ EII-Fi â€¢ 4w3 sp/sx",INFP
2525773229,ğŸ³ï¸â€ğŸŒˆ | he/him | essyou ymcmb | infp | â™“,INFP
2993505827,â˜† vocalista da @projetohare escuta minha banda!â˜† ENFP 4w3 â˜† ela/dela ğŸ³ï¸â€ğŸŒˆ â˜† icon by @agroboy23 â˜†,ENFP
1047817897211351041,"entp 8w7 chaotic neutral
leo â˜¼ pisces â˜½ aries â†‘",ENTP
1132632241576849408,20 yo â€¢ INFP-T  ğŸ’« | Mixer | #Rpgiste | Writer | Multifandom | ğŸ³ï¸â€ğŸŒˆ Disaster Gayâ„¢ï¸ | other acc: @RingoYts,INFP
1243869173207334912,23 â€¢ INFP â€¢ aquariusâ™’ â€¢,INFP
1248004942700384258,all the embarrassing words & Late night thoughts of an #infj,INFJ
175263233,ÙØªØ§Ø© Ù…Ù† Ø¹Ø§Ù„Ù… Ø¨Ø¹ÙŠØ¯ØŒ Ø®ÙŠØ§Ù„Ù‡Ø§ ÙƒÙˆÙ† Ø´Ø§Ø³Ø¹ØŒ ÙˆÙ‚Ù„Ø¨Ù‡Ø§ ØªÙˆÙ„ÙŠØ¨ Ø£Ø¨ÙŠØ¶ØŒ ÙˆØ±ÙˆØ­Ù‡Ø§ Ø·ÙÙ„Ø© Ù„Ù… ØªÙƒØ¨Ø±ØŒ ÙˆÙÙŠ Ø¹ÙŠÙ†ÙŠÙ‡Ø§ Ø£Ù„Ù Ø¯Ù…Ø¹Ø© ÙˆØ¯Ù…Ø¹Ø©~ğŸ‚ #INFJ,INFJ
1113168211380404224,"just trying to spread love in a world full of madness âœ¨â¤ï¸ infj-t ğŸ‚
designer, ilustradora iniciante e futura cientista ğŸ¨ğŸŒŒğŸğŸŒˆ",INFJ
235505434,"We're all stardust baby |

ENFP- A |",ENFP
1254230910200803328,20-smth INFJ Pisces type 2w1 || reunited with twt for brain & soul food ğŸ¹ğŸŒ™ ğŸ‡µğŸ‡­,INFJ
907042956967735296,socially awkward human being ğŸ’ introverted weirdo ğŸ™ hopeworldian ğŸŒ»ğŸŒ infp â€¢ cancer ğŸ¦€,INFP
1087915970,"ENFP. Ingat, apa yang sudah terjadi jangan dibiarkan ia takde â€œedâ€ kat belakang. #deepquote #deepthought #inspiring #pasttense #ohmyenglish tibe",ENFP
710014613518163968,à¸¡à¸¸à¸à¹€à¸­à¸‡ | Thai | 1998 | INFJ | art student | DEC viscom | multifandom | doodles | ENG/TH friendly â˜† | I rt a lot | three owls in a trench coat ğŸ¦‰,INFJ
1882911962,INFP - T â™¡ ğŸ·ğŸ¾.ğŸ¾.ğŸ·ğŸ¾ â™¡ ğŸ¸ğŸ¸.ğŸ¼.ğŸ·ğŸ¿ ã€ @OfficialMonstax || @official__wonho || @ATEEZofficialã€‘,INFP
2369396882,"ğŸŒ± Rian / 22 / INFP / Asexual ğŸŒ±

A non-binary Canadian that can't wait to share their love of art and cosplay with you! ğŸ’š æ—¥æœ¬èªã‚’ã™ã“ã—ã¯ãªã—ã¾ã™ã€‚",INFP
820461673160974336,"hatdog // INFP-T //she/her 



https://t.co/gLavLUKsEfâ€¦",INFP
3317943044,"Just a little moonchild. INFP. â™
Future cosmetologist.",INFP
1249295034345828353,INTP ğŸš€| Gemini Sun Pisces moon Scorpio rising ğŸŒ,INTP
737773197752455168,ğŸ€RAT RIGHTSğŸ€ | Mary/Facada | ğŸ³ï¸â€ğŸŒˆğŸ‡µğŸ‡¹ |she/her/they/them | Enby | 20 y/o | ENTP | 7w8 | Chaotic Neutral | PT/ENG | committing arson with @BugadaCoisa â¤,ENTP
2645608152,"I donâ€™t want to be RUDE, but I prefer my opinion over yours. ESFP-A â™‘ï¸â˜€ï¸ â™ï¸ğŸŒ™ â™ï¸ğŸ”",ESFP
729284180236849153,INFPã€€ã€€ã€€ã€€ã€€ã€€ã€€ã€€ã€€ã€€ã€€ã€€ã€€ã€€ã€€ã€€ã€€                                                              MWITS 26/II | Neverland | WIZ*ONE | à¹„à¸­à¸¡à¸²à¸ªP,INFP
1064621306233147394,"19 bi m,
INFP,
Chaotic Neutral,
Big Dork Energy,
Deerfox,
Telegram-Dipthefur,
ğŸ’•@chipthefur",INFP
1369739689,"I am made of glitter, water and anxiety. | INFP-T | shitposting a lot | elle",INFP
242029496,"21. ComunicaciÃ³n Audiovisual, US. Everyone you meet is fighting a battle you know nothing about. Be kind. Always. ğŸ’­ #INFJ",INFJ
1223631771343806464,"An ENFJ, Annoying Heavy Eaters.",ENFJ
79024513,ğŸ‘†ğŸ¼â™ï¸ğŸŒ â™ï¸ ğŸŒš â™ï¸ INFPğŸ§šğŸ¼â€â™€ï¸,INFP
895547386356940801,INFP-T,INFP
1174807846141267969,Itâ€™s a good day to face the hard things. ISFPã€ŒGoat Fishã€ğŸŒ¿SoberğŸŒ¿,ISFP
1171779025741787142,Secretarial Student ğŸ‘©ğŸ»â€ğŸ’¼ #ISFJ | â™Œï¸,ISFJ
1168764605281124353,"à¹à¸•à¸‡|à¸§à¸²à¸”|ğŸ‡¹ğŸ‡­|ENFJ
â¤ï¸|JJBA|BSDâ¤ï¸
à¸ˆà¸£à¸´à¸‡à¹†à¹à¸¥à¹‰à¸§à¹€à¸›à¹‡à¸™à¸ªà¸²à¸¢à¹€à¸ªà¸,à¸«à¸§à¸µà¸”à¸‹à¸°à¸ªà¹ˆà¸§à¸™à¹ƒà¸«à¸à¹ˆ--
à¸Šà¸´à¸›à¹€à¸£à¸·à¸­à¸œà¸µ,à¸ªà¸¥à¸±à¸šà¹‚à¸à¹„à¸”à¹‰à¸«à¸¡à¸”  à¸¡à¸²à¸„à¸¸à¸¢à¸à¸±à¸™à¹„à¸”à¹‰à¸™à¸°à¸„à¸°!
à¹€à¸šà¸´à¹‰à¸šà¸šà¸¹à¹‚à¸ˆà¸ªà¸¸à¹€à¸à¸°à¸„à¸¸à¸‡ğŸ’•ğŸ¥ºğŸ’“",ENFJ
1054848032355667969,â†  fettuccine alfredo connoisseur. writer. INFJ.,INFJ
1112970538643742721,she/her | ISFP | â™ | let's goooooooooooo,ISFP
310238242,"ğŸ§œâ€â™€ï¸ and a ğŸ° // ENFP // art acc: @Elly_Samonji  // @fenezu is my ğŸŒ¹ğŸ¿â¤ï¸ (nutri gfğŸŒ¼) //  pfp by her too ğŸ¥ºâ¤ï¸
my less RTW and more personal acc: @mer_elly",ENFP
1108273401574182913,#INTP,INTP
2199192826,Pitch Black EveryWhere #INFP #Slytherin and an #Appliedlinguistic student,INFP
991332219594657792,â˜‰ â™ˆï¸. â˜Š â™Œï¸. â˜¾ â™’ï¸. -ENFJ- â™€,ENFJ
80618161,"Venustraphobia ,, Energetic Extrovert - ENFJ :P
I do not dream at night, I dream all day, I dream for living.",ENFJ
122954749,"ENTP 7w6

Art twitter : @_amahoshi_
Deviantart : https://t.co/xtiSjRRG0W",ENTP
1238186221094010880,"personal acc , infp , Sara , she/her , uni , BTS , mamamoo , manga/webtoon lover , from ğŸ‡®ğŸ‡¹ğŸ‡®ğŸ‡³ , art acc is @sk_sketches &
zine acc is @mamamoozine",INFP
249198726,"a trintona dos gatos. paulista da BrasilÃ¢ndia. ex infj-atual enfp ğŸ¤·ğŸ½â€â™€ï¸ / ex (ou nÃ£o) afroemo, mas sempre eclÃ©tica",INFJ ENFP
1149499709284704257,hoi I am a fan of stray kids and other stuff lol â˜ï¸ Han biased â˜ï¸ She/Her â˜ï¸INFP-T,INFP
754618696530812929,En verdad lo que hago es quejarme de la vida y hablo 24/7 sobre comida. #infp,INFP
412295742,"The invidualist - 4w3, â™, ENFJ-T âœ¨
Art lover ğŸ¨StorytellerğŸ“–Comic&Mangaâœ¨
ğŸ’–à¸§à¸²à¸”à¹†ğŸ”€à¹€à¸¥à¹ˆà¸²à¹†ğŸ”€MBTI, EG, etc.ğŸ’–
ğŸ‘ENG/THğŸ‘
(Mostly TH)",ENFJ
1248448719768477697,self identified autistic. she/her. pan. INFJ 4w5. #FreeMatthewRushin,INFJ
38154030,INFJ. Nerd at heart. Fangirl. Still seeking my Great Perhaps.,INFJ
4008263535,"INFP and ???
ğŸ¼

Fan account~ she/them-Elle/Ael/Iel ~NeuroA ğŸ³ï¸â€ğŸŒˆNon-binaire(ry) Feminist acosexuel.le (jsp/idk)  â˜…",INFP
149677449,"24|Estudios Socioterritoriales|INFP|Me gustan los mapitas, el urbanismo y el tema electoral| BjÃ¶rk y Coca-Cola son mi pastor| Twitter es mi buzÃ³n de quejas",INFP
2412924793,"kaatu/laia | 21 | â™ï¸ | she/her | INFP | â˜­ | åƒ•ã¯ç¾Šã  | dibujo y hago canciones

//retuiteo mucho",INFP
893038941036740608,21 | ENFP | fuck this shit im out,ENFP
1236294327095173120,intp | artist | old cat lady | no homophobia allowed here kaythanks |she/her| 17,INTP
58694433,"ISFP-T
Tuhan kasihanilah kami",ISFP
125032203,"Frankie â€¢ #CosKom â€¢ ENTP  7w6 â€¢ â™Šï¸ sun/moon â™Œï¸ rising â€¢ idoltrash â€¢ ENG|GER â€¢ interested in: games, books, utaite",ENTP
1033413768313749504,"Courgette (Saki)âœ¨ French â€¢ INFP-T â€¢ Cosplayer ğŸ€â€¢ PhotographerğŸ“¸
Mostly sharing art / Pv: @poticourgette /
Playing ffxiv / pfp by @/moonyparrot",INFP
110359915,"ENFP-T
ğŸ’• Umbi-umbian alias umbivert ğŸ˜‰
ğŸ’• Sometimes romantic~
ğŸ’• Oret-oretkuh https://t.co/bXgl3TvB3T
ğŸ’• Gallerykuh https://t.co/QaRD3N65pv",ENFP
2786035262,ğŸ“ Communication Science Brawijaya (Media Studies) | type intj-a | amor fati | astrophile.,INTJ
1642551632,Ã‡eaÅŸâ€™17 â€¢ GÃ¼lhane EczacÄ±lÄ±k ğŸŒ» â€¢ ENTP~5w4,ENTP
23429689,"a caffeine-fueled life-form on a constant search of my sanity & befitting life motto, currently ENFP-T, an ambivert, â™ŠğŸ”…â™ğŸŒ™â™Œâ¬†
(personal x â™¬ êŒ—êˆ¤êŒ—ê€¸â‹†ÊÊÊ â™¬)",ENFP
948264127411245057,"| I like drawing. |
| INTJ-T |
| Gryffindor |",INTJ
875494317845905408,"God first, all else follows. â€¢ Romans 12:2 â€¢ Proud Naija princess ğŸ‘‘ğŸ‡³ğŸ‡¬ â€¢ INFP-T â€¢ 9w1 â€¢ Baking Enthusiast â€¢ L'ho provato sulla mia pelle.",INFP
925413843244785664,"twice, weeekly, toh fan acc | i kinda do fanart | kinda meh irl Â·á´—Â· | 19 | bi ğŸ³ï¸â€ğŸŒˆ | ONCE Creative Circle ğŸ­ | ISFP-T",ISFP
1086213022844997632,"an INFP in a constant eco-anxiety. emotionally invested in Dear Evan Hansen, (G)I-DLE, Anne Shirley-Cuthbert, GAang memes, Akatsuki no Yona, and Ana VidoviÄ‡.",INFP
1132707198205751296,"i hope the pain fades...
infj; she/her; ace; anime and kpop",INFJ
1015087070371631105,contengo multitudesğŸ¥¡/ â’» â’¶ â“ƒ â’¼ â’¾ â“‡ â“ SeriÃ©filağŸŸ / ENTJ y media Friki,ENTJ
2300150458,"â€œMiserable, darling, as usual, perfectly wretchedâ€ | INFP | Human Disaster | Music | ãƒŸâ˜†",INFP
229487237,"Thinkin/feelin out loud. #INFJ. Dreamer. Seeker. Helper. Unique. Meditation. Reflecting. Books. Trees. Lightnin. Hufflepuff. Water tribe. Poetry. Art? (ğŸ¬,ğŸ­,âˆ)",INFJ
1941265021,à¸¡à¸´à¸™à¸´ | Mini â€¢ INFP 2w3 â€¢ Multi-Fandom and Depression â€¢ VRoid Modeler â€¢ TH/EN/æ—¥æœ¬èª â€¢ OC Acc : @Minikotoba163 â€¢ R18 Acc : @Minikotoba18 â€¢ Icon : @RAIKAN_RIKANTO,INFP
1012066014236995584,"Art only: @Ccharades_art

she/her!

Fanfic writer, hobby artist, coffee lover. 20. ENTP. ğŸƒ

Multifandom/rt-heavy/TBF, LCDP, @AWildMuppet is my soulmate ğŸ‚",ENTP
248634316,intj â™ˆ,INTJ
1028175996,"( Í¡Â° ÍœÊ– Í¡Â°)
Kichi / 20 y.o. / â™ï¸â™â™ / ENTJ / 8w7 / ğŸ‡·ğŸ‡º,ğŸ‡¬ğŸ‡§ / Artist",ENTJ
344249349,"Human â€¢ Twenty-Four â€¢ INFP â€¢ Cat mum â€¢ Trying to figure things out as I go along.
| PSUT ğŸ“|
ğŸ‡µğŸ‡¸ ğŸ‡¯ğŸ‡´",INFP
318615232,"History lover ğŸ‡µğŸ‡­. Geek ğŸ––. Blogger. Finishing his grad studies. INFP-T. Young, restless, reformed. He/him.

IG ğŸ“·: @panalongindio 
Tumblr: IndioHistorian",INFP
1089461065296109573,"Ñ€ĞµĞ¶Ğ¸Ğ¼ ÑĞ½Ğ° Ğ¾Ñ‚ÑÑƒÑ‚ÑÑ‚Ğ²ÑƒĞµÑ‚ ĞºĞ°Ğº ĞºĞ¾Ğ½Ñ†ĞµĞ¿Ñ‚ | confident ğŸ³ï¸â€ğŸŒˆ | INFP, Ğ­Ğ›Ğ’Ğ¤, Ğ‘ĞĞ’ĞŸ | Ğ·Ğ¼ĞµÑ Ğ·Ğ»Ğ°Ñ, Ğ½Ğ¾ Ğ´Ğ¾Ğ±Ñ€Ğ°Ñ",INFP
878690646621655041,"stay happy, stay healthy

22.01.2019 ğŸ’›
03.11.2019 ğŸ–¤
24.01.2020 ğŸ’–

she/her, INTP-T",INTP
54734083,INTP,INTP
60374659,Writer. Noona. Social Justice Paladin. Cinephile. Soprano. Gamer. Witch. Smark. I-ARMY. Rock Snob. Healer. Socialist. Diva. Leo/Aries/Aries. Jin-biased. ENFJ.,ENFJ
262567556,infp. 6w7. 269. ğŸ‡¦ğŸ‡º.,INFP
51970519,ISTJ,ISTJ
128866472,"DH studentãƒ»studies ğŸ‡¯ğŸ‡µğŸ‡°ğŸ‡·ğŸ‡¨ğŸ‡³ğŸ‡®ğŸ‡¹ğŸ‡¬ğŸ‡· & Maoriãƒ»STAYãƒ»NCTzenãƒ»Metalheadãƒ»dreams of going to ğŸ‡¦ğŸ‡º&ğŸ‡³ğŸ‡¿ãƒ»INFP-Tãƒ»books, music, videogames, travelling, translating",INFP
112919935,"â™ Sagittariusâ˜€ï¸. Gemini â¬†ï¸ . 
 Leo ğŸŒ™.  INFP.  SlytherPuff.  ""what did you say? 
I canâ€™t hear you cause I have an ear disease called i don't care... â€œ",INFP
80667229,"29|writer, artist & gamer| Professional Translator & Interpreter |ENFP|â˜• |iron-willed| ğŸ‡­ğŸ‡º|ğŸ‡©ğŸ‡ª|ğŸ‡ºğŸ‡²|ğŸ‡«ğŸ‡· OK- resident FF8 Expert â™¥|OC appreciator",ENFP
913427940737613824,Commission please DM|Art|TH/EN|INTJ|Don't use my art without permission|Artist/Hobbyist,INTJ
2959651220,"ooh aku paradoks berjalan.
4w5 infp-t 694 sp/so",INFP
3434289208,"â€¢ğŸŒ™INFP â€¢ 594 â€¢ They/Them-She/Her â€¢ 12H stelliumğŸŒ™ â€¢
~â˜ï¸ â˜ï¸~",INFP
741012260022329344,"Everybody out of the god damn way. I got a hat full of bomb, a fist full of penis, and a head full of empty.
| she/her | â™Š lmao. | ENFP",ENFP
712892145200340992,INTP 6w5 girl who love pastry | Feminism,INTP
837938198714040320,ISFP-AğŸ™ŒğŸ»,ISFP
913590417374961664,"INFP
20 â€¢ Original Characters â€¢ IdentityV â€¢ Practice â€¢ Reader â€¢ TH | JP | EN â—ã‚¢ã‚¤ã‚³ãƒ³@tyosyoku_8 â—",INFP
1209420624944418816,"Law student, INTJ, unapologetic feminist, single mum, child abuse survivor,  living with PMDD, lover of sarcasm, positive outlook... Doing just fine ğŸ’ªğŸ»ğŸ™ŒğŸ»",INTJ
706573043,dreaming of some epiphany / ESFP-T 4w3,ESFP
1212794885402546176,freelance writer âœğŸ» she/her ğŸŒ dungonsâ€™nâ€™dargons ğŸŒš INFJ ğŸ’—ğŸ’œğŸ’™,INFJ
1287832148,maap aku INFJğŸ™ƒ,INFJ
532072247,ã€Œhmm! .| Anime + manga | #INTP | #FF | #Persona |ğŸ¶ğŸ‡¯ğŸ‡µğŸ®ğŸ‘½ğŸ’¤ã€ FFXIV,INTP
1014433200184090624,"Ëœâ€*Â°â€¢.Ëœâ€*Â°â€¢ k-drama fan acc â€¢Â°*â€Ëœ.â€¢Â°*â€Ëœ

CW:  MTFğŸ›µ18AgainğŸ€HMLSğŸ PrivateLivesğŸ‘€StartUpğŸ“®DoDoSolSolLaLaSolğŸ¹ PenthouseğŸ°

â€¢95â€¢INFPâ€¢ABâ€¢#KimSeonHo #YooYeonSeokâ€¢",INFP
635038221,"â€œYou think the only people who are people, are the people who look and think like youâ€ ğŸ¶ INTP. Bi. She/her.",INTP
47854975,INFJ // instagram: @raraalmira ğŸ¥,INFJ
594497722,20â†‘INFP-Tâ™ï¸ â€¢ à¹„à¸—à¸¢/Eng/æ—¥æœ¬èªå‹‰å¼·ä¸­â€¢ Multifandom â€¢ âš ï¸ 90% retweet 10% rant â€¢ ç„¡è¨€ãƒ•ã‚©ãƒ­ãƒ¼å¤±ç¤¼ã—ã¾ã™ã€‚FUB Free,INFP
984991180361355266,"Healing through His grace 
| INFP | art acc @blueclift1",INFP
3437757682,get to know this estj | á•)â¾â¾ - celeste - 22 - they/them - austria,ESTJ
1147471022284607489,"(â™Šï¸ â™“ï¸ â™ï¸ / ENFJ) Tarot Reader | Jin, RM, Suga & J-Hope | Escapism through video games, anime & iced coffee.",ENFJ
2589259220,I will make it one day. | INTJ |,INTJ
1162408108452241408,"(She/her) 21 Â¦ fan account Â¦ +Ã—+âŸ­âŸ¬â· OOO En- Â¦ INFP-T Â¦ â€¹stop runnin' for nothin', my friendâ€º Â¦ â™‰ Â¦",INFP
166402638,"Puppies Stan AccountğŸ¶DW/YHğŸ’š
YOU CAN DO IT, FRIENDS!!! 
âœ¨Chilean, ISFP, hot drinks loverâœ¨

ğŸ˜ My Day ğŸŒ± Atiny ğŸ´â€â˜ ï¸
ğŸ’œSunshine Yuyu í•‘í¬ ìœ¤í˜¸ â¤ï¸
ğŸŒºğŸŒ™ğŸ’–
She / Her",ISFP
4732776974,Aspiring Fashion Designer | INFP | Ravenclaw | Weeb | Support Main |,INFP
1040266454518513664,I tweet what i want. Is this Fan acc? Personal Acc? Idk. I tweet anythingâ–ªï¸ Certified for sometimes funnyâ–ªï¸mostly RT and RANTâ–ªï¸VILLAIN â–ªï¸INFJ-T,INFJ
48602116,"INTJ, HSP, Black Feminist, Fenty 410, Sagitterrorist, Proud Blancofemophobe, She/Her. All BLM. ğŸ’–ğŸ’œğŸ’™ğŸ–¤ğŸ¤",INTJ
2883550054,INFP - Artist / Gamer / Anime & Manga lover / Cat lover / **Click media for my fanart posts**,INFP
874243570022010881,"âš ï¸à¸«à¸¢à¸²à¸šà¸„à¸²à¸¢ à¹„à¸£à¹‰à¸ªà¸²à¸£à¸° à¸‚à¸µà¹‰à¸šà¹ˆà¸™ à¸£à¸µà¹€à¸¢à¸­à¸°à¸¡à¸²à¸ à¸£à¸°à¸§à¸±à¸‡à¸—à¸¥.à¹à¸•à¸ 
â€¢Multifandom
| The Observer | INTPğŸ¦‹5w4 |
VarianğŸ§ª| KusuriuriğŸ“¿| KakyoinğŸ’
| à¹€à¸›à¸™à¸‚à¸¢à¸°à¸­à¸§à¸à¸²à¸¨ à¹€à¸›à¸™à¸à¹‰à¸­à¸™à¸‚à¸µà¹‰à¸¡à¸µà¸‚à¸²",INTP
238925397,(INFJ) | 9 | LulukE (à¸¥à¸¹à¸à¹à¸à¹‰à¸§) à¸ªà¸™à¹ƒà¸ˆà¸„à¸­à¸¡à¸¡à¸´à¸Šà¸”à¸¹à¹„à¸”à¹‰à¸—à¸µ https://t.co/S61aEGyELN | à¸•à¸´à¸”à¸•à¹ˆà¸­à¸‡à¸²à¸™ - à¸–à¹‰à¸²à¸—à¸±à¸ DM à¹„à¸¡à¹ˆà¹„à¸”à¹‰ à¸—à¸±à¸ inbox à¹€à¸à¸ˆà¸¥à¸´à¹‰à¸‡à¸‚à¹‰à¸²à¸‡à¸¥à¹ˆà¸²à¸‡à¹à¸—à¸™à¸™à¸°à¸„à¸° (à¸›à¸´à¸”à¸à¸±à¸™à¸ªà¹à¸›à¸¡),INFJ
1060315110714028033,fixing my fluency in silenceğŸŒŠ (infp-t),INFP
870576161272643585,UST-MedTech ğŸ’œ|UST Hiraya Asst. Sec ğŸ’|UST Purple Gazette Features Editor|20|INTP,INTP
1491770964,"INFP || a whole circus, the clownest clown for Day6, Pentagon, and iKON.",INFP
3280448551,"23. She/Her-Universe, Wannable, OOOFER, Fantasy, WELO, Multi, ENFJ-T. Virgo Uni girl in Wanderlust; Starbucks, Boba, & Kpop. What we think, we become. ğŸ‡ºğŸ‡¸ğŸ‡µğŸ‡­",ENFJ
1210512152718528512,"ISTJ // B Blood type //
It will pass~   ë¯¸ë‚˜  (21:29) ~
LOVE LIFE FUN WORK ~",ISTJ
703568975574097920,"ã‚¢ã‚¤ãƒŠãƒŠğŸ° (main) | ã¾ã»ã‚„ãğŸ•°ï¸ | ã‚ã‚“ã‚¹ã‚¿ğŸ¦ | etc ğŸŒ¸ EN/ID | INFP 6w5 | F, 20â†‘",INFP
1244333245833019392,He/Him. 23â™ˆï¸ğŸ‡²ğŸ‡½ INTP:6 Icon from: Ghost Stories. Banner from: All Saints Street.,INTP
260710137,"Ø¨Ù…Ø§ Ø§Ù†Ùƒ Ù‡ÙˆÙ†Ø› Ø®Ù„ÙŠÙ†Ø§ Ø§Ù„Ø¬Ù‡ØªÙŠÙ† Ù†Ø§Ø®Ø¯ Ø§Ø¬Ø±ØŒ ØµÙ„ÙŠ Ø¹Ø§Ù„Ù†Ø¨ÙŠ ÙˆØªØ¨Ø³Ù‘Ù…â¤

The only divergent ISFJ gryffindor you'll ever meet ğŸ¦ğŸ§ ğŸ˜‚ |Medicine | UNESCOâ€| UNHCR | OÃ–/JO",ISFJ
119701228,"âš ï¸ I curse a lot âš ï¸ 

INFP Â° teacher(?) Â° suffering on sunken ships n dead fandoms Â° avid reader Â° mother of many unborn children Â° sporadic RO player Â°",INFP
626055112,"Dreamzen â™¡
Multifandom y multipendeja. INFP/ Eneatipo 5/ GÃ©minisğŸŒ¸
Fanarts: @FatsyArts_                       
YT: fosterfoster
Wattpad: fosteerfosteer",INFP
1112592170970546176,à¸à¸µà¹‰ (à¹à¸­à¸„à¸£à¸­à¸‡)â€‹ | INTJ | multifandom à¸¥à¸‡à¸‡à¸²à¸™à¸§à¸²à¸”à¸šà¹‰à¸²à¸‡à¸›à¸£à¸°à¸›à¸£à¸²à¸¢ art acc @Juridha à¸«à¸§à¸µà¸”dm,INTJ
843094888912752640,Daisy | 32 | She/Her | ğŸ³ï¸â€âš§ï¸ | BLM | Graphic Artist and Twitch Streamer | Member of @VarietyBeans | Taurus | ENFP | I make monsters | Opinions are mine,ENFP
1122047371779559424,"ğŸ‡µğŸ‡­â€¢ stan account â€¢INFJâ€¢  1st year Med student; who never thought he'd be this deep into BTS, but here we are â€¢ Oh and I swing both ways ğŸ’ğŸ½â€â™‚ï¸",INFJ
46128164,â–² infj â–² slytherin â–² she/her â–² ask me my opinion on something and you'll get an essay â–²,INFJ
1077747664261910529,"23, He/Him, ENTP-T, #MasterDebater,concept art aspirant, shitposter, ğŸ°bunny enthusiastğŸ°, and bad at drawing (shitty art account: @GoldMadeSasha)",ENTP
20567249,25+ | ENFJ | Capricorn | Quarantine Born Chef & Baker | YoI/BTS/ğŸŒğŸŸ | âœ¨âœ¨| always crying.,ENFJ
1146286825721516032,Entp | CS student | lifeless | nerd | feminist | I wanna be a cat,ENTP
993553784537264128,ğŸ§¡ Every day is a good day to be alive ğŸ§¡ â€¢ infp-t â€¢ Kayaker â€¢ All-Around Nerd â€¢ ADHD(er) â€¢ Doing my Best â€¢ she/her,INFP
2414175164,MaiTaKie | EN/TH | Gentleman Style | INFJ-T | Gamer + Artist | WINNER | ONE PIECE | always l8ks at Y8N,INFJ
780222723767185408,meishiro - she/her - ğŸ‡¨ğŸ‡¦ - 24 - INTJ - Fanart Artist - Do Not Repost/Take - Warning: OC X Canon Content - Bleach Centric - Retweet Heavy,INTJ
140993672,"Celiac, DH, Ehlers Danlos Syndrome & dysautonomia, part-time wheelchair user â™¿/INTP 5w6/ TLOZğŸ®/Johnny'sâ™¥",INTP
83371047,old hollywood lover ğŸ’ â€¢ middle aged & old women trashâ„¢ â€¢ british telly enthusiast âœ¨ â€¢ infj â€¢ â™ â€¢ âš¢ || meryl streep â™¥ï¸ â€¢ lilli palmer ğŸŒ¸ â€¢ stevie nicks ğŸŒ™,INFJ
915923843130253312,ğŸ” SFW/NSFW art blog ğŸš« NO MINORS âš ï¸ Mostly OCs! Fiammetta (she/her) . demisexual/heteroflexible . 25â†‘ . ITA . INFPT-T Artist/Visual storyteller @filthyfigments,INFP
1008806690949681152,21 y/o - She/Her - Ace - INTP - 5w6 - fan account - still a big multi,INTP
1240784110156681222,"ceara
26
infj/ gamer/ art lover/ tattoos & piercings/ writing/ metal gear / castlevania
taking it a day at a time.",INFJ
4232524509,INFP-T || Graduate ğŸ‘©ğŸ»â€ğŸ’» #IAU || '95 || Slytherpuff || Emberling || Reader/Dreamer/Slacker/NintendoğŸ”± Never dwell on the past ğŸ”±,INFP
1150786219409858562,"am Maciek â€¢ he/him â€¢ ENTP â€¢ 5w4 â€¢ 584 â€¢ ILE-2Ne â€¢ sx/so â€¢ PL/EN/JP/FR â€¢ linguistics, VOCA/UTA, VTubers, typology & politics â€¢ @klueless_kisa â™¡ â€¢ icon: @bulkybun",ENTP
893557400996896768,Hobbyartist / Lv 22 / INFP / She/Her / Concept Artist for @GameEDofficial / Header by @chershireH â™¥ / PfP by @spruudl / ArtAcc: @SomnialaA,INFP
512007282,"INFP / if you looking for something exhilarating, youâ€™re in the wrong place.",INFP
813684738409934848,I matter. INFP ğŸ’œ fan acc. @bts_twt,INFP
263027536,ğŸŒˆ ISTP ; MXTX'sğŸ“š ã€† @BTS_twt â˜ï¸PUBG,ISTP
899085178060058625,ã€ã‚‚ã£ã¨ å¼·ãã€ãã† å¼·ãã€ Lvl. 18. (ISTP-T 3w4) @mirunee2 my bestie! ESPğŸ‡ªğŸ‡¦//ENGğŸ‡¬ğŸ‡§. Read carrd byf. Cutieâ™¡: @_Reirin_ (15/06/2020) ğŸ³ï¸â€ğŸŒˆLG(BTA)+ğŸ³ï¸â€ğŸŒˆ (They/She/He),ISTP
3197829937,"She/Her, â™Œ, Ace, Mexican, 20, INFP,ğŸŒğŸŸ,ğŸ
I've sold my heart and soul to Banana Fish
@amonn1a 's cowgirl ğŸ¤ ğŸ’–
Danmei acc @GHualian
âš ï¸Sometimes: nsfw, spoilers",INFP
2223506730,"INFP 4w5  | Dark humour | Emotional 
| DayDreamer | Atheist |  #AntiHero",INFP
1320326430,| 23 Y.O | | infp | | movies ~ | have a nice day,INFP
52046171,"â™‘ï¸ / INFP-T / French #cinephile in her 20â€™s ğŸ¬ Studied Eng/Am literature, civilisation + linguisticsğŸ“š Overthinker ğŸ’­ I love #dogs more than I love most humans",INFP
4884632657,elu/delu they/them â€¢ â™ â€¢ ISFJ â€¢ Yoongi stan â€¢ ot7 â€¢ ACAB BLM â€¢ Underage please no ğŸ” content. â€¢ NÃ£o binÃ¡rio,ISFJ
81115052,"INFP-T ğŸŒ¼
Makes art to be happy / 
TR & EN
https://t.co/dA7PkZQNAq",INFP
992439484569571334,"ğŸ‡®ğŸ‡¹ - ISTJ - 27 years of pettiness - Aries (and proud ğŸ˜Œ) â™ˆ 
MONSTA X~BTS~ONEUS~ATEEZ~Stray Kids~MCND~NOIR~SF9 ğŸµ",ISTJ
1068241108004671488,"25. Leo â™Œ. INTP. Type 5. @m2bdancecover. Ed altre cose meravigliose.

170809 180620 181017 190703",INTP
698850825649520640,| #RedVelvet â€¢ #ì›¬ë””ğŸ’™ | #IZONE â€¢ #ì•ˆìœ ì§„ğŸ’™#ì¡°ìœ ë¦¬ğŸ§¡#ê¹€ì±„ì›ğŸ’š#ê¹€ë¯¼ì£¼âšª | rt A LOT | INFJ  | ğŸ³ï¸â€ğŸŒˆ |,INFJ
3115811383,Social Media Specialist .. Knowledge Seeker #JapaneseCulture #åµ #ã‚­ãƒ«ã‚¢ğŸ’œ #Overwatch #AppleUser #TechHolic #INFP,INFP
52234901,"addicted to love stories

ğŸ‡§ğŸ‡· â€¢ â™Œ â€¢ INFP â€¢ ravenclaw â€¢ multifandom trash â€¢ kdrama fan â€¢ please respect Taylor Swift and my favorite characters around here ;)",INFP
88602791,"INFJ // LnF ğŸ’œğŸ’ // She/Her
(header by @rainylune)
https://t.co/M4wuZ7rDD4  â— 
https://t.co/Lgk2v5UI0m",INFJ
2425886054,zibilyon tane ÅŸey // intp 5w4,INTP
1069885023237488640,"Lover of video games (AC:NH, FFXIV) nature, and kindness. Psychology nerd. A bit witchyğŸŒŸ INFP, 9w1 ğŸŒˆ æ—¥æœ¬èªãŒåˆ†ã‹ã‚‹ã€œ",INFP
31011456,"Reader, artist soul, world's okayest cat mom. â¤  ğŸ‡§ğŸ‡· | ğŸ‡ºğŸ‡¸ INFP, she / her, bi & demiğŸŒˆ",INFP
1056677661341376513,bodia // INFJ =/,INFJ
110482275,31 | ESP/CAT/ENG | INFP | ğŸ’–ğŸ’œğŸ’™| 8 years in  ğŸ‡¬ğŸ‡§ | #Greentea addict ğŸµ | GATOS ğŸˆ | Midwife ğŸ‘£ | Meowtcha Island at #ACNH ğŸ Switch code: SW-6984-4238-4688,INFP
1008304856115933184,she/her â€¢ fr/eng â€¢ entp-t :) if youâ€™re racist just stfu,ENTP
803731090452185088,"âŠ° 20. Ë¹EIS 6Â°QAË¼ ï½¥â‹® â–¸ ÊŸá´‡á´ sá´œÉ´ ï¹” â›I am just the way it is, a piece in this world.âœ â€§â‚ŠËšâœ© á´„á´€á´› á´˜á´‡Ê€sá´É´. â¤ #SÉªÊ™ÊŸÉªÉ´É¢sGá´á´€ÊŸs â€§â‚ŠËšâœ© INFJ",INFJ
552346843,"20â¬†ï¸ IND - ENG
ğŸ”
ğŸ€Multi Fandom
belong to INFJ - Ravenclaw house
ğŸ’œCurrently obsessed with Twisted Wonderland, KNY, FE3H
ğŸ“ºDCU/TWD/SPN
ğŸ’•JRPG/BL
ğŸ“– TSC series",INFJ
1686505836,"|| courage, dear heart. || INFP-T || ğŸ¦©",INFP
1157373350110539777,"Itâ€™s only forever, not long at all. | INFP, Hufflepuff, Scorpio, traveler and dreamer | she/her | fan account",INFP
753310280692686848,â€¢ fan account â€¢ cristÃ£ â€¢ infp â€¢,INFP
57293864,"Day6 - SKZ | INFJ-A. Music student/student composer ğŸ¹ğŸ»âœ¨
She/her",INFJ
1003501151457890304,"23, enfp, me dedico a dibujar puntos y rayas
nacÃ­ por mi madre morirÃ© por haikyuu y min yoongi",ENFP
733077224245592067,"INFJ | 29 I Gamer | Bi-ace | 4w3 |
she/her | Co-host of #TheWritingCellar | #dragonhatchlings | rep: @litagentkelly |

tony stark deserved better",INFJ
2321836746,21 | Sikolohiya | ISTJ | Antihero | Gamer | Slytherin | Position 4/5 | Semper invicta | DOTA 2 ID: 166004483 | Views are my own,ISTJ
4723615230,ğŸ³ï¸â€ğŸŒˆinfp ; -- support human rights | fuck patriarchy & capitalismğŸŒ¹â€¢ à¹€à¸¥à¸´à¸à¸•à¸´à¹ˆà¸‡à¹€à¸”à¹ˆà¸à¸«à¸¥à¸‡à¸•à¸­à¸™à¹€à¸‚à¹‰à¸²à¸—à¹‰à¸­à¸›à¸£à¹‰à¸­à¸¢à¹€à¸¡à¸¥à¹ˆà¸­à¸™,INFP
1476704832,"ğŸ‘‹ğŸ¼ Hi, I'm Nana ğŸŒˆ// aggressiveğŸ’¥// mostly tweet in thai & out of context // 13 yrs // INFPğŸƒ// ENG acc @dontawitlaiman1",INFP
1087063253946109952,"Â» Lavia/Agnes â™€ï¸ | 24yo | 2w1 | ENFP-t | PL/ENG | 11.05 ğŸ’š @cheehiiro ğŸ’šğŸ’šğŸ’š
Â» big #ritshou trash 
Â» post fe, idv, mp100 and jjba, memes, mbti and my arts",ENFP
802392699013763073,"|| ğŸ‡µğŸ‡­ - INFJ - ğŸ’–ğŸ’›ğŸ’™

|| constant mood: design and nap

|| current aesthetic: ğŸŒ± & ğŸ¹

|| currently: trying to make a living pls",INFJ
1152561682104934401,"hobby artist || she â€¢ ğŸ‘ â€¢ INFJ â€¢ demiromantic ace || 
Deutsch/English/Magyar/æ—¥æœ¬èª/Ø§Ù„Ø¹Ø±Ø¨ÙŠØ© || ğ’©ğ’®ğ¹ğ’²: @valk_too_stolz
ğŸš« ï¼¤ï¼¯ ï¼®ï¼¯ï¼´ ï¼²ï¼¥ï¼°ï¼¯ï¼³ï¼´ï¼ï¼±ï¼²ï¼´ ï¼­ï¼¹ ï¼¡ï¼²ï¼´ ğŸš«",INFJ
1082231795867967488,90s childğŸ§¸ | INFJ | DPT pregraduate ğŸ‘©ğŸ»â€âš•ï¸| Member of @PT_PNU âœ¨|,INFJ
942002741617991680,"infp, she/her",INFP
1003218846982033408,"(I might be zerolingual at this point.) Lily, 20, INFJ, They/She // @Under_theSnowâ€™s personal account // ğŸ“ğŸ°æ¨ã— // Please feel free to dm or interact â•°(*Â´ï¸¶`*)â•¯â™¡",INFJ
2827272862,"22, isfp, slytherin // cancer â˜‰ aquarius â˜¾ virgo â†‘ // she/her (o in alternativa â€œtesta di cazzoâ€)",ISFP
606096261,ahgağŸ¤madeiğŸ‹ INFPğŸŒ¼,INFP
978286535014416384,Physics undergrad â¤ï¸ğŸ’šğŸŒ» || Math enthusiast na sabog at heart || intp/infp,INTP INFP
890214007998513154,"MILE | TH/ENG ok | INFP | DEC61|
Interested in Concept art & Illustration
ğŸš«please do not repost my art",INFP
1022286748968206338,"21, INTJ, bisexual. she/her. MDZS & CQL. Monsta X. BTS.",INTJ
951698623951134720,"Breathing music ğŸ¸ OT5 SHINee from 2011.
ENFP 4w3.
Hard + soft fan.
Band-Aid.
NSFW. SğŸ’‹W Ally.
ğŸ”¥ 'Do not try this at home.' ğŸ”¥",ENFP
839523684901597184,| fan account #ìµœìŠ¹ì²  Iâ€™m going to always be here with you and love you ğŸŒ»ã…£ #ìºëŸ¿ #ì„¸ë¸í‹´ | ìºëŸ¿ 4ê¸°ã…£INFPã…£she/her l @FR0GTEEZ â™¡,INFP
1409174562,"Ï‚ÏƒÏ…ÑÑ‚Ğ¸Ñ”Ñƒ Î±Ğ¼Î±Ğ¸âˆ‚Î±  (ãƒâœ¿â—•â€¿â—•)ãƒ 22, She/Her, Ace! ğŸ’œ I LOVE AKIREN P5 ğŸ’œ
Anime and viddy games!!!
(à¸‡â€™Ì€-â€˜Ì)à¸‡ INFJ Ã—Not spoiler free, RT heavyÃ— @CourtneySadMan",INFJ
87162344,"ESFJ Musical Lover, Dream Catcher OKUS32 LAWTU50 TGA50",ESFJ
206962935,ğŸ³Artist/ Pisces/ INTJ/ GBF/ Sidorica/ Shadowverse/Tkrb/ SinoAliceğŸ³,INTJ
242666535,"ISTJ. no call pls, text only sheesh",ISTJ
1067206099542130688,"Iâ€™m emotional. INFP, 21, trans girl Help me. HRT since 7/31/19 Oh and i love bunnies, and im trash. i play a lot of games~ FFXIV: Koyomi Satellis@Balmung",INFP
1172590479088615424,"ğŸŒµ+ğŸŒğŸŒ™+ğŸ¤ŸğŸ¼ğŸ¥š+ğŸ§+ğŸ¥‡ğŸ‘¶+ğŸ—ï¸= ğŸ’–ğŸ’–ğŸ’–ğŸ’–

~she/her~ ISFP-T",ISFP
982683243458781184,ENTP/Chaotic Neutral/ğŸ…±ï¸ass/â™Šâ™â™,ENTP
1183763205434138626,"Slytherin and Ravenclaw chaos all mix into one.

















20 â€¢ INFJ-A  â€¢ Bibliophile â€¢ Marine Biology",INFJ
1233198873474150402,| booktuber ğŸ“šğŸ˜Œ | aspiring writerğŸ–‹| she/herğŸ³ï¸â€ğŸŒˆ | scorpioâœ¨ | E/INFJğŸŒ¿ | neuro ICU/trauma nurseğŸ§ ğŸ’‰ | BLM | ğŸ“¨ sydneymorrow9@gmail.com,INFJ
915442886673547264,Pun | 20 â†“ | INTJ-T | EN/TH ok! | ğŸ‡¹ğŸ‡­ | Header by Kumasun | âœ¨Kise-KNB â˜”ï¸Given â„ï¸ToG,INTJ
1079210621038706688,#Rp Ã— #Stan : infp + 20 + â™Œï¸ + Ñ•he / her + destiel Â» ( student & writer ) â€” â€œ we are better together â€ ğŸ’«  â€” demisexual demiromantic,INFP
589175667,intp: proofreads social media posts for fun.,INTP
1089418273588797441,fan account âœ¨ â€˜99 esfp-a âœ¨ ina,ESFP
4824483844,ğŸ˜ˆğŸŒŸThe literal devil - ğŸŒŸ ENTP - Aquarius ğŸŒ Sagittarius ğŸŒ™ Cancer â¬†ï¸ - she/her - 31 y/o - I am a trash mammal and a terrible swan princess ğŸ¦¢,ENTP
1029464334391488518,liz | 31 | she/her | â˜¼â™ï¸â˜½â™ï¸â†‘â™Œï¸ | infp-t | ğŸ” | ì—‘ì†Œ â€¢ ë°±í˜„ Â· ì„¸í›ˆ Â· ì¢…ëŒ€ | ë ˆë“œë²¨ë²³ â€¢ ìŠ¬ê¸° Â· ì•„ì´ë¦° | ì†Œë…€ì‹œëŒ€ â€¢ íš¨ì—° | https://t.co/H6tW24jZJk (fan account),INFP
2897719822,a brazilian who lives in japan but cannot speak japanese || INTP-A || 5w6,INTP
137434691,she/they | 28 | ğŸ‡­ğŸ‡¹ NYC raised | INFJ | Anime Fan | cosplayer | biz questions: ellyghere1@gmail.com | cashapp: $ellyemgee | ig: ellyemgee | art: @ellynokonbini,INFJ
215367645,the grass is greener where you water it. watch me bloom. â™Œï¸ Î‘Î¦Î© FA â€˜14 ğŸ’™ğŸ’› INFJ. she+they.,INFJ
67271172,"A rabbit who draws |INTP|ãƒãƒå¥³|âœ¨Likes:HypMic|TKRB|P5|SnB|O;9|B3&B|HnK| Plays: ãƒ‡ã‚¹ãƒãƒ£ and Arknights
https://t.co/hPwQQ41YFV 
ğŸ›’https://t.co/pCDbZ8qzoy",INTP
714966986820755456,"teenage fantasy....
infp...",INFP
1247264089333796864,Mother of 5ğŸ‘©â€ğŸ‘§â€ğŸ‘§ Lover of booksğŸ“šHijab hoarderğŸ§•Nature loverğŸŒ²ğŸ‚Faerie of the Autumn courtğŸ§šâ€â™€ï¸ISFJ. 6w5. Potterheadâš¡,ISFJ
716854208574701568,"I love you, Julian Blackthorn. I love you more than starlight. | ela/dela | ğŸŒ» INFP ğŸŒ» | 33/30 ğŸ“š",INFP
2439087616,der anfang ist das ende und das ende ist der anfang. â€¢ infj-t 4w5 @badpostanne,INFJ
1090553633748455427,"â€” she / they !! minor. currently in 
    school. wlw. slav. orthodox christian.
â€” intj-t. rloei. 5w6. sp/so. 513. â™‹â™‹â™‘.
â€” writer. guitarist. lover of psychology.",INTJ
737846151227936771,"HindustaniğŸ‡®ğŸ‡³|
Awoke Hindu|
Jai Shri RamğŸ§¡|
Bookish INFP-T| Sanghi | NaMoğŸ˜|
à²•à³ƒà²·à³à²£à²‚ à²µà²‚à²¦à³‡ à²œà²—à²¦à³à²—à³à²°à³ğŸ™|
à²§à²°à³à²® à²¸à²‚à²¸à³à²¥à²¾à²ªà²¨à²¾à²°à³à²¥à²¾à²¯ à²¸à²‚à²­à²µà²¾à²®à²¿ à²¯à³à²—à³‡ à²¯à³à²—à³‡| Hindurashtraâ£ï¸",INFP
332052627,â˜ï¸24 | she/her | INFJ |â˜ï¸ğŸ¤,INFJ
588747473,"Observer of souls. Stargazer. Photographer. Writer. Labels help you find your tribe. INFJ. Interested in HR, Psychology.",INFJ
1185259974068490240,"i wanna breathe But how heard it be in this darkness, tired of being tired... i wanna die if i ever had a chance to...
#ESFP",ESFP
1187205324328992769,"ğŸŒŸTruth Seeka ğŸŒŸ Psychology, Philosophy, Spirituality, Metaphysics, INFP, Enneagram 4w5-SP, Life Path 7, Taurus â˜¼ Pisces â˜¾ Aquarius â†‘ Leisure ArtistÃ© ğŸªğŸ¦",INFP
509142211,"I define myself. No apologies.

intj",INTJ
771840157,"Microbiologist 





SILENT HILL 


INFJ",INFJ
1049714868,INTP 5w4 â™ˆï¸â™“ï¸â™ï¸,INTP
953726879017684993,#ESFJ,ESFJ
37215250,vegan-lipped ISTP in doc martens sippin' a cuppa,ISTP
4569635607,"Ø£Ù‡ØªÙ… Ø¨Ù€ â€#Ø¹Ù„Ù…_Ø§Ù„Ù†ÙØ³
â€#ØªØ¬ÙˆÙŠØ¯
â€#ENTP
â€#Ø±ÙŠØ§Ø¶Ø©_Ù‚ØªØ§Ù„
â€#Ù…Ù‚Ø§Ø±Ù†Ø©_Ø£Ø¯ÙŠØ§Ù†
â€#Ø£ÙƒØ´Ù†
â€#Ø¹Ù„Ù…_Ø¬Ù†Ø§Ø¦ÙŠ
â€#Ø£Ø³Ù„Ø­Ø©
â€#ÙÙ†
â€â€#Ø·Ø¨ÙŠØ¹Ø©
â€â€â€#Ø§Ø­ØªÙ…Ø§Ù„Ø§Øª",ENTP
1117509366914195458,"The Tea Drinker, Pretending to be wise.

And yes! Crazy enough to have The School of Athens as background picture. Totally unjustifiable.

ENTP",ENTP
389515022,#INFJ #HSP #adopted #onlychild #emptynester,INFJ
1146802794487324672,Lvl 27 intj | Valerie from V for Vendetta | Part of the journey is the end,INTJ
600447820,"âš¡ï¸Full of Sound and Fury, signifying nothing âš¡ï¸INFP               âš¡ï¸She/Her/Hellish",INFP
901541314382180352,"#intp 
introvert intuitive perceiving thinker. #ai #realityprinciples Just thinking. The herd is not the truth, #individual #perception art and science",INTP
1114231215580688384,"If you need to hear it, I will tell you... #ENFJ.   Proud to be blocked by narcissistic asshats.",ENFJ
1100000055082262528,"Aspiring Python Fullstack Web developer |
CS student @ FUTA |
INFP |
Pisces |",INFP
1037404440482000898,She/Her âœ¨ aromantic/asexual ğŸ³ï¸â€ğŸŒˆğŸ‡ºğŸ‡¸ Slytherin ğŸ Gemini â™Šï¸ INFP Be careful,INFP
1047274544204042241,Welcome to the dark side. #ESTP,ESTP
861832036264194048,Love me a little chaos | engãƒ»idãƒ»jp | #entp 7w8 sx,ENTP
1110216638220197889,"Fantasy Writer | Cats, RPGs, Anime | INTJ | #Critter | I read to travel across this world and others | To God be the glory ğŸ™Œ",INTJ
932991496038600704,A lvl. 27 intj | Valerie's letter | ğŸŒŒğŸ”­ğŸ¥âœ | Currently reprogramming my brain lol,INTJ
1400251008,INFPğŸ§˜â€â™€ï¸ğŸ¶ | hopeless romantic | finally a free spirit | CARPE DIEM ..,INFP
1104873561754423296,A strong & resilient INFP â™¡ HSP â™¡ EMPATH â™¡ Awakening Women to Wholeness Worldwide ğŸ˜ŒğŸŒ¸ ğŸ›ğŸ¦‹ insta: grlpwryea,INFP
942150285287411713,INTP. || Wrap yourself in petals for armor.,INTP
83261933,"The fly in your ointment. The wrench in your perfect plan. 
INTP-T | 5w6 | Profoundly Profane",INTP
916281979716407298,Student in #PSMMC (Respiratory Care). Feeling robotic. #INTP,INTP
346338093,Walking conundrum. Taurus. INFP.,INFP
886898750081257474,"amateur poorfreader

#WritingCommunity #ENTP #DallasCowboys #Fish #Reptiles #SupportWriters #SupportMusicians",ENTP
3435332321,"A million dreams are keeping me awake. // INFJ

https://t.co/GchreyBv36",INFJ
1090590584144683009,â€¢| INFJ (Advocate) | astrophile â­ | writer ğŸ“• | Dreamer ğŸŒƒ |â€¢ a traveller who came from a distant magical land and here to tell you her story ğŸŒ¸,INFJ
510015160,#Ù…Ø¹Ù…Ø§Ø±ÙŠØ©/#Ù…ØµÙ…Ù…Ø©/#Ù…Ø§Ø°Ø§_ØªÙ‚Ø±Ø£ / #INTJ ï´¿ÙˆÙ„Ø§ ØªÙŠØ¦Ø³ÙˆØ§ Ù…Ù† Ø±ÙˆØ­ Ø§Ù„Ù„Ù‡ï´¾ ğŸ’œ,INTJ
2580661270,"ENFP ğŸŒŠOcean WeebğŸŒŠ, love everything related to ocean. âš“Anchorphiliacâš“ and HMS Repulse fan. Ask me anything : Also AL/KC RP Acc ğŸ”
-Languages:ğŸ‡ªğŸ‡¦ğŸ‡ºğŸ‡¸",ENFP
